,no,str
1,1,"동행복권 1회 당첨번호 10,23,29,33,37,40+16. 1등 총 0명, 1인당 당첨금액 0원."
2,2,"동행복권 2회 당첨번호 9,13,21,25,32,42+2. 1등 총 1명, 1인당 당첨금액 2,002,006,800원."
3,3,"동행복권 3회 당첨번호 11,16,19,21,27,31+30. 1등 총 1명, 1인당 당첨금액 2,000,000,000원."
4,4,"동행복권 4회 당첨번호 14,27,30,31,40,42+2. 1등 총 0명, 1인당 당첨금액 0원."
5,5,"동행복권 5회 당첨번호 16,24,29,40,41,42+3. 1등 총 0명, 1인당 당첨금액 0원."
6,6,"동행복권 6회 당첨번호 14,15,26,27,40,42+34. 1등 총 1명, 1인당 당첨금액 6,574,451,700원."
7,7,"동행복권 7회 당첨번호 2,9,16,25,26,40+42. 1등 총 0명, 1인당 당첨금액 0원."
8,8,"동행복권 8회 당첨번호 8,19,25,34,37,39+9. 1등 총 0명, 1인당 당첨금액 0원."
9,9,"동행복권 9회 당첨번호 2,4,16,17,36,39+14. 1등 총 0명, 1인당 당첨금액 0원."
10,10,"동행복권 10회 당첨번호 9,25,30,33,41,44+6. 1등 총 13명, 1인당 당첨금액 6,430,437,900원."
11,11,"동행복권 11회 당첨번호 1,7,36,37,41,42+14. 1등 총 5명, 1인당 당첨금액 4,780,152,300원."
12,12,"동행복권 12회 당첨번호 2,11,21,25,39,45+44. 1등 총 12명, 1인당 당첨금액 1,348,845,700원."
13,13,"동행복권 13회 당첨번호 22,23,25,37,38,42+26. 1등 총 0명, 1인당 당첨금액 0원."
14,14,"동행복권 14회 당첨번호 2,6,12,31,33,40+15. 1등 총 4명, 1인당 당첨금액 9,375,048,300원."
15,15,"동행복권 15회 당첨번호 3,4,16,30,31,37+13. 1등 총 1명, 1인당 당첨금액 17,014,245,000원."
16,16,"동행복권 16회 당첨번호 6,7,24,37,38,40+33. 1등 총 4명, 1인당 당첨금액 4,377,146,100원."
17,17,"동행복권 17회 당첨번호 3,4,9,17,32,37+1. 1등 총 3명, 1인당 당첨금액 5,349,491,200원."
18,18,"동행복권 18회 당첨번호 3,12,13,19,32,35+29. 1등 총 0명, 1인당 당첨금액 0원."
19,19,"동행복권 19회 당첨번호 6,30,38,39,40,43+26. 1등 총 1명, 1인당 당첨금액 40,722,959,400원."
20,20,"동행복권 20회 당첨번호 10,14,18,20,23,30+41. 1등 총 1명, 1인당 당첨금액 19,352,212,800원."
21,21,"동행복권 21회 당첨번호 6,12,17,18,31,32+21. 1등 총 23명, 1인당 당첨금액 797,475,400원."
22,22,"동행복권 22회 당첨번호 4,5,6,8,17,39+25. 1등 총 4명, 1인당 당첨금액 4,552,194,900원."
23,23,"동행복권 23회 당첨번호 5,13,17,18,33,42+44. 1등 총 4명, 1인당 당첨금액 4,317,947,700원."
24,24,"동행복권 24회 당첨번호 7,8,27,29,36,43+6. 1등 총 0명, 1인당 당첨금액 0원."
25,25,"동행복권 25회 당첨번호 2,4,21,26,43,44+16. 1등 총 2명, 1인당 당첨금액 24,227,745,300원."
26,26,"동행복권 26회 당첨번호 4,5,7,18,20,25+31. 1등 총 5명, 1인당 당첨금액 3,495,069,900원."
27,27,"동행복권 27회 당첨번호 1,20,26,28,37,43+27. 1등 총 2명, 1인당 당첨금액 9,543,982,500원."
28,28,"동행복권 28회 당첨번호 9,18,23,25,35,37+1. 1등 총 10명, 1인당 당첨금액 1,700,361,100원."
29,29,"동행복권 29회 당첨번호 1,5,13,34,39,40+11. 1등 총 5명, 1인당 당첨금액 3,552,594,000원."
30,30,"동행복권 30회 당첨번호 8,17,20,35,36,44+4. 1등 총 2명, 1인당 당첨금액 8,728,555,500원."
31,31,"동행복권 31회 당첨번호 7,9,18,23,28,35+32. 1등 총 2명, 1인당 당첨금액 8,106,672,900원."
32,32,"동행복권 32회 당첨번호 6,14,19,25,34,44+11. 1등 총 10명, 1인당 당첨금액 1,634,528,300원."
33,33,"동행복권 33회 당첨번호 4,7,32,33,40,41+9. 1등 총 1명, 1인당 당첨금액 14,903,517,600원."
34,34,"동행복권 34회 당첨번호 9,26,35,37,40,42+2. 1등 총 5명, 1인당 당첨금액 3,056,918,000원."
35,35,"동행복권 35회 당첨번호 2,3,11,26,37,43+39. 1등 총 3명, 1인당 당첨금액 5,054,598,200원."
36,36,"동행복권 36회 당첨번호 1,10,23,26,28,40+31. 1등 총 1명, 1인당 당첨금액 16,014,475,800원."
37,37,"동행복권 37회 당첨번호 7,27,30,33,35,37+42. 1등 총 3명, 1인당 당첨금액 4,985,999,400원."
38,38,"동행복권 38회 당첨번호 16,17,22,30,37,43+36. 1등 총 3명, 1인당 당첨금액 5,374,866,400원."
39,39,"동행복권 39회 당첨번호 6,7,13,15,21,43+8. 1등 총 6명, 1인당 당첨금액 2,623,748,800원."
40,40,"동행복권 40회 당첨번호 7,13,18,19,25,26+6. 1등 총 13명, 1인당 당첨금액 1,147,652,400원."
41,41,"동행복권 41회 당첨번호 13,20,23,35,38,43+34. 1등 총 0명, 1인당 당첨금액 0원."
42,42,"동행복권 42회 당첨번호 17,18,19,21,23,32+1. 1등 총 6명, 1인당 당첨금액 6,899,280,100원."
43,43,"동행복권 43회 당첨번호 6,31,35,38,39,44+1. 1등 총 1명, 1인당 당첨금액 17,749,630,800원."
44,44,"동행복권 44회 당첨번호 3,11,21,30,38,45+39. 1등 총 5명, 1인당 당첨금액 3,362,155,800원."
45,45,"동행복권 45회 당첨번호 1,10,20,27,33,35+17. 1등 총 2명, 1인당 당첨금액 8,356,417,800원."
46,46,"동행복권 46회 당첨번호 8,13,15,23,31,38+39. 1등 총 3명, 1인당 당첨금액 5,327,758,800원."
47,47,"동행복권 47회 당첨번호 14,17,26,31,36,45+27. 1등 총 5명, 1인당 당첨금액 3,250,042,400원."
48,48,"동행복권 48회 당첨번호 6,10,18,26,37,38+3. 1등 총 6명, 1인당 당첨금액 2,415,673,600원."
49,49,"동행복권 49회 당첨번호 4,7,16,19,33,40+30. 1등 총 7명, 1인당 당첨금액 1,967,504,600원."
50,50,"동행복권 50회 당첨번호 2,10,12,15,22,44+1. 1등 총 3명, 1인당 당첨금액 5,227,061,400원."
51,51,"동행복권 51회 당첨번호 2,3,11,16,26,44+35. 1등 총 6명, 1인당 당첨금액 2,421,117,000원."
52,52,"동행복권 52회 당첨번호 2,4,15,16,20,29+1. 1등 총 4명, 1인당 당첨금액 3,900,844,900원."
53,53,"동행복권 53회 당첨번호 7,8,14,32,33,39+42. 1등 총 3명, 1인당 당첨금액 5,014,371,000원."
54,54,"동행복권 54회 당첨번호 1,8,21,27,36,39+37. 1등 총 3명, 1인당 당첨금액 5,148,626,600원."
55,55,"동행복권 55회 당첨번호 17,21,31,37,40,44+7. 1등 총 2명, 1인당 당첨금액 7,088,799,600원."
56,56,"동행복권 56회 당첨번호 10,14,30,31,33,37+19. 1등 총 4명, 1인당 당첨금액 3,777,570,900원."
57,57,"동행복권 57회 당첨번호 7,10,16,25,29,44+6. 1등 총 4명, 1인당 당첨금액 4,114,411,900원."
58,58,"동행복권 58회 당첨번호 10,24,25,33,40,44+1. 1등 총 4명, 1인당 당첨금액 3,676,429,200원."
59,59,"동행복권 59회 당첨번호 6,29,36,39,41,45+13. 1등 총 4명, 1인당 당첨금액 4,127,587,300원."
60,60,"동행복권 60회 당첨번호 2,8,25,36,39,42+11. 1등 총 7명, 1인당 당첨금액 2,172,504,600원."
61,61,"동행복권 61회 당첨번호 14,15,19,30,38,43+8. 1등 총 5명, 1인당 당첨금액 3,541,038,800원."
62,62,"동행복권 62회 당첨번호 3,8,15,27,29,35+21. 1등 총 1명, 1인당 당첨금액 15,817,286,400원."
63,63,"동행복권 63회 당첨번호 3,20,23,36,38,40+5. 1등 총 2명, 1인당 당첨금액 7,922,245,500원."
64,64,"동행복권 64회 당첨번호 14,15,18,21,26,36+39. 1등 총 4명, 1인당 당첨금액 3,899,818,000원."
65,65,"동행복권 65회 당첨번호 4,25,33,36,40,43+39. 1등 총 4명, 1인당 당첨금액 3,727,945,800원."
66,66,"동행복권 66회 당첨번호 2,3,7,17,22,24+45. 1등 총 4명, 1인당 당첨금액 3,685,138,200원."
67,67,"동행복권 67회 당첨번호 3,7,10,15,36,38+33. 1등 총 7명, 1인당 당첨금액 2,114,436,500원."
68,68,"동행복권 68회 당첨번호 10,12,15,16,26,39+38. 1등 총 5명, 1인당 당첨금액 2,945,882,100원."
69,69,"동행복권 69회 당첨번호 5,8,14,15,19,39+35. 1등 총 3명, 1인당 당첨금액 4,962,712,200원."
70,70,"동행복권 70회 당첨번호 5,19,22,25,28,43+26. 1등 총 3명, 1인당 당첨금액 5,031,277,800원."
71,71,"동행복권 71회 당첨번호 5,9,12,16,29,41+21. 1등 총 0명, 1인당 당첨금액 0원."
72,72,"동행복권 72회 당첨번호 2,4,11,17,26,27+1. 1등 총 13명, 1인당 당첨금액 3,260,524,600원."
73,73,"동행복권 73회 당첨번호 3,12,18,32,40,43+38. 1등 총 6명, 1인당 당첨금액 2,766,662,100원."
74,74,"동행복권 74회 당첨번호 6,15,17,18,35,40+23. 1등 총 3명, 1인당 당첨금액 5,284,949,800원."
75,75,"동행복권 75회 당첨번호 2,5,24,32,34,44+28. 1등 총 4명, 1인당 당첨금액 3,914,616,900원."
76,76,"동행복권 76회 당첨번호 1,3,15,22,25,37+43. 1등 총 2명, 1인당 당첨금액 7,451,022,600원."
77,77,"동행복권 77회 당첨번호 2,18,29,32,43,44+37. 1등 총 3명, 1인당 당첨금액 5,155,758,600원."
78,78,"동행복권 78회 당첨번호 10,13,25,29,33,35+38. 1등 총 4명, 1인당 당첨금액 3,519,850,000원."
79,79,"동행복권 79회 당첨번호 3,12,24,27,30,32+14. 1등 총 4명, 1인당 당첨금액 3,416,443,800원."
80,80,"동행복권 80회 당첨번호 17,18,24,25,26,30+1. 1등 총 1명, 1인당 당첨금액 13,809,540,000원."
81,81,"동행복권 81회 당첨번호 5,7,11,13,20,33+6. 1등 총 5명, 1인당 당첨금액 2,714,288,880원."
82,82,"동행복권 82회 당첨번호 1,2,3,14,27,42+39. 1등 총 1명, 1인당 당첨금액 14,562,494,400원."
83,83,"동행복권 83회 당첨번호 6,10,15,17,19,34+14. 1등 총 2명, 1인당 당첨금액 7,086,948,300원."
84,84,"동행복권 84회 당첨번호 16,23,27,34,42,45+11. 1등 총 2명, 1인당 당첨금액 7,669,779,000원."
85,85,"동행복권 85회 당첨번호 6,8,13,23,31,36+21. 1등 총 4명, 1인당 당첨금액 3,462,109,800원."
86,86,"동행복권 86회 당첨번호 2,12,37,39,41,45+33. 1등 총 1명, 1인당 당첨금액 14,252,186,400원."
87,87,"동행복권 87회 당첨번호 4,12,16,23,34,43+26. 1등 총 11명, 1인당 당첨금액 1,799,358,055원."
88,88,"동행복권 88회 당첨번호 1,17,20,24,30,41+27. 1등 총 4명, 1인당 당첨금액 3,069,709,650원."
89,89,"동행복권 89회 당첨번호 4,26,28,29,33,40+37. 1등 총 3명, 1인당 당첨금액 4,248,321,900원."
90,90,"동행복권 90회 당첨번호 17,20,29,35,38,44+10. 1등 총 4명, 1인당 당첨금액 3,291,435,300원."
91,91,"동행복권 91회 당첨번호 1,21,24,26,29,42+27. 1등 총 4명, 1인당 당첨금액 3,582,902,400원."
92,92,"동행복권 92회 당첨번호 3,14,24,33,35,36+17. 1등 총 11명, 1인당 당첨금액 1,233,270,846원."
93,93,"동행복권 93회 당첨번호 6,22,24,36,38,44+19. 1등 총 6명, 1인당 당첨금액 2,269,178,150원."
94,94,"동행복권 94회 당첨번호 5,32,34,40,41,45+6. 1등 총 6명, 1인당 당첨금액 2,245,339,950원."
95,95,"동행복권 95회 당첨번호 8,17,27,31,34,43+14. 1등 총 8명, 1인당 당첨금액 1,747,741,238원."
96,96,"동행복권 96회 당첨번호 1,3,8,21,22,31+20. 1등 총 7명, 1인당 당첨금액 1,847,133,515원."
97,97,"동행복권 97회 당첨번호 6,7,14,15,20,36+3. 1등 총 9명, 1인당 당첨금액 1,496,214,000원."
98,98,"동행복권 98회 당첨번호 6,9,16,23,24,32+43. 1등 총 4명, 1인당 당첨금액 3,177,972,300원."
99,99,"동행복권 99회 당첨번호 1,3,10,27,29,37+11. 1등 총 6명, 1인당 당첨금액 2,169,219,050원."
100,100,"동행복권 100회 당첨번호 1,7,11,23,37,42+6. 1등 총 4명, 1인당 당첨금액 3,315,315,525원."
101,101,"동행복권 101회 당첨번호 1,3,17,32,35,45+8. 1등 총 5명, 1인당 당첨금액 2,707,297,500원."
102,102,"동행복권 102회 당첨번호 17,22,24,26,35,40+42. 1등 총 9명, 1인당 당첨금액 1,457,153,067원."
103,103,"동행복권 103회 당첨번호 5,14,15,27,30,45+10. 1등 총 8명, 1인당 당첨금액 1,691,589,563원."
104,104,"동행복권 104회 당첨번호 17,32,33,34,42,44+35. 1등 총 2명, 1인당 당첨금액 6,610,743,750원."
105,105,"동행복권 105회 당첨번호 8,10,20,34,41,45+28. 1등 총 4명, 1인당 당첨금액 3,416,781,450원."
106,106,"동행복권 106회 당첨번호 4,10,12,22,24,33+29. 1등 총 16명, 1인당 당첨금액 810,461,157원."
107,107,"동행복권 107회 당첨번호 1,4,5,6,9,31+17. 1등 총 2명, 1인당 당첨금액 6,679,927,800원."
108,108,"동행복권 108회 당첨번호 7,18,22,23,29,44+12. 1등 총 7명, 1인당 당첨금액 1,998,900,772원."
109,109,"동행복권 109회 당첨번호 1,5,34,36,42,44+33. 1등 총 12명, 1인당 당첨금액 1,246,838,200원."
110,110,"동행복권 110회 당첨번호 7,20,22,23,29,43+1. 1등 총 3명, 1인당 당첨금액 4,566,262,000원."
111,111,"동행복권 111회 당첨번호 7,18,31,33,36,40+27. 1등 총 6명, 1인당 당첨금액 2,199,047,450원."
112,112,"동행복권 112회 당첨번호 26,29,30,33,41,42+43. 1등 총 9명, 1인당 당첨금액 1,567,271,167원."
113,113,"동행복권 113회 당첨번호 4,9,28,33,36,45+26. 1등 총 9명, 1인당 당첨금액 1,561,528,934원."
114,114,"동행복권 114회 당첨번호 11,14,19,26,28,41+2. 1등 총 6명, 1인당 당첨금액 2,362,345,050원."
115,115,"동행복권 115회 당첨번호 1,2,6,9,25,28+31. 1등 총 9명, 1인당 당첨금액 1,488,589,567원."
116,116,"동행복권 116회 당첨번호 2,4,25,31,34,37+17. 1등 총 7명, 1인당 당첨금액 1,997,747,315원."
117,117,"동행복권 117회 당첨번호 5,10,22,34,36,44+35. 1등 총 9명, 1인당 당첨금액 1,558,378,334원."
118,118,"동행복권 118회 당첨번호 3,4,10,17,19,22+38. 1등 총 10명, 1인당 당첨금액 1,297,989,720원."
119,119,"동행복권 119회 당첨번호 3,11,13,14,17,21+38. 1등 총 9명, 1인당 당첨금액 1,474,899,400원."
120,120,"동행복권 120회 당첨번호 4,6,10,11,32,37+30. 1등 총 3명, 1인당 당첨금액 4,364,530,300원."
121,121,"동행복권 121회 당첨번호 12,28,30,34,38,43+9. 1등 총 2명, 1인당 당첨금액 6,839,648,100원."
122,122,"동행복권 122회 당첨번호 1,11,16,17,36,40+8. 1등 총 9명, 1인당 당첨금액 1,450,073,800원."
123,123,"동행복권 123회 당첨번호 7,17,18,28,30,45+27. 1등 총 5명, 1인당 당첨금액 2,532,982,680원."
124,124,"동행복권 124회 당첨번호 4,16,23,25,29,42+1. 1등 총 9명, 1인당 당첨금액 1,395,936,267원."
125,125,"동행복권 125회 당첨번호 2,8,32,33,35,36+18. 1등 총 7명, 1인당 당첨금액 1,754,870,786원."
126,126,"동행복권 126회 당첨번호 7,20,22,27,40,43+1. 1등 총 9명, 1인당 당첨금액 1,369,301,500원."
127,127,"동행복권 127회 당첨번호 3,5,10,29,32,43+35. 1등 총 6명, 1인당 당첨금액 1,965,939,150원."
128,128,"동행복권 128회 당첨번호 12,30,34,36,37,45+39. 1등 총 6명, 1인당 당첨금액 2,064,043,100원."
129,129,"동행복권 129회 당첨번호 19,23,25,28,38,42+17. 1등 총 11명, 1인당 당첨금액 1,093,629,655원."
130,130,"동행복권 130회 당첨번호 7,19,24,27,42,45+31. 1등 총 4명, 1인당 당첨금액 3,036,496,650원."
131,131,"동행복권 131회 당첨번호 8,10,11,14,15,21+37. 1등 총 8명, 1인당 당첨금액 1,451,214,488원."
132,132,"동행복권 132회 당첨번호 3,17,23,34,41,45+43. 1등 총 4명, 1인당 당첨금액 2,920,473,525원."
133,133,"동행복권 133회 당첨번호 4,7,15,18,23,26+13. 1등 총 8명, 1인당 당첨금액 1,450,242,600원."
134,134,"동행복권 134회 당첨번호 3,12,20,23,31,35+43. 1등 총 5명, 1인당 당첨금액 2,349,155,100원."
135,135,"동행복권 135회 당첨번호 6,14,22,28,35,39+16. 1등 총 7명, 1인당 당첨금액 1,717,293,515원."
136,136,"동행복권 136회 당첨번호 2,16,30,36,41,42+11. 1등 총 6명, 1인당 당첨금액 1,997,694,150원."
137,137,"동행복권 137회 당첨번호 7,9,20,25,36,39+15. 1등 총 9명, 1인당 당첨금액 1,270,403,467원."
138,138,"동행복권 138회 당첨번호 10,11,27,28,37,39+19. 1등 총 5명, 1인당 당첨금액 2,227,152,000원."
139,139,"동행복권 139회 당첨번호 9,11,15,20,28,43+13. 1등 총 7명, 1인당 당첨금액 1,650,210,215원."
140,140,"동행복권 140회 당첨번호 3,13,17,18,19,28+8. 1등 총 5명, 1인당 당첨금액 2,109,462,840원."
141,141,"동행복권 141회 당첨번호 8,12,29,31,42,43+2. 1등 총 6명, 1인당 당첨금액 1,900,552,400원."
142,142,"동행복권 142회 당첨번호 12,16,30,34,40,44+19. 1등 총 11명, 1인당 당첨금액 1,018,265,564원."
143,143,"동행복권 143회 당첨번호 26,27,28,42,43,45+8. 1등 총 3명, 1인당 당첨금액 3,954,584,700원."
144,144,"동행복권 144회 당첨번호 4,15,17,26,36,37+43. 1등 총 8명, 1인당 당첨금액 1,402,440,413원."
145,145,"동행복권 145회 당첨번호 2,3,13,20,27,44+9. 1등 총 3명, 1인당 당첨금액 3,797,838,200원."
146,146,"동행복권 146회 당첨번호 2,19,27,35,41,42+25. 1등 총 2명, 1인당 당첨금액 6,043,415,250원."
147,147,"동행복권 147회 당첨번호 4,6,13,21,40,42+36. 1등 총 7명, 1인당 당첨금액 1,700,040,215원."
148,148,"동행복권 148회 당첨번호 21,25,33,34,35,36+17. 1등 총 5명, 1인당 당첨금액 2,323,596,420원."
149,149,"동행복권 149회 당첨번호 2,11,21,34,41,42+27. 1등 총 7명, 1인당 당첨금액 1,639,052,143원."
150,150,"동행복권 150회 당첨번호 2,18,25,28,37,39+16. 1등 총 4명, 1인당 당첨금액 2,831,645,850원."
151,151,"동행복권 151회 당첨번호 1,2,10,13,18,19+15. 1등 총 4명, 1인당 당첨금액 2,716,634,025원."
152,152,"동행복권 152회 당첨번호 1,5,13,26,29,34+43. 1등 총 5명, 1인당 당첨금액 2,278,131,840원."
153,153,"동행복권 153회 당첨번호 3,8,11,12,13,36+33. 1등 총 4명, 1인당 당첨금액 2,730,526,125원."
154,154,"동행복권 154회 당첨번호 6,19,21,35,40,45+20. 1등 총 4명, 1인당 당첨금액 2,836,628,700원."
155,155,"동행복권 155회 당첨번호 16,19,20,32,33,41+4. 1등 총 9명, 1인당 당첨금액 1,193,005,734원."
156,156,"동행복권 156회 당첨번호 5,18,28,30,42,45+2. 1등 총 8명, 1인당 당첨금액 1,401,099,900원."
157,157,"동행복권 157회 당첨번호 19,26,30,33,35,39+37. 1등 총 2명, 1인당 당첨금액 5,484,903,750원."
158,158,"동행복권 158회 당첨번호 4,9,13,18,21,34+7. 1등 총 10명, 1인당 당첨금액 1,069,544,340원."
159,159,"동행복권 159회 당첨번호 1,18,30,41,42,43+32. 1등 총 6명, 1인당 당첨금액 1,755,407,300원."
160,160,"동행복권 160회 당첨번호 3,7,8,34,39,41+1. 1등 총 2명, 1인당 당첨금액 5,490,805,350원."
161,161,"동행복권 161회 당첨번호 22,34,36,40,42,45+44. 1등 총 7명, 1인당 당첨금액 1,996,876,272원."
162,162,"동행복권 162회 당첨번호 1,5,21,25,38,41+24. 1등 총 5명, 1인당 당첨금액 2,308,265,760원."
163,163,"동행복권 163회 당첨번호 7,11,26,28,29,44+16. 1등 총 7명, 1인당 당첨금액 1,629,726,515원."
164,164,"동행복권 164회 당첨번호 6,9,10,11,39,41+27. 1등 총 3명, 1인당 당첨금액 4,054,937,900원."
165,165,"동행복권 165회 당첨번호 5,13,18,19,22,42+31. 1등 총 2명, 1인당 당첨금액 6,767,426,700원."
166,166,"동행복권 166회 당첨번호 9,12,27,36,39,45+14. 1등 총 11명, 1인당 당첨금액 1,111,299,982원."
167,167,"동행복권 167회 당첨번호 24,27,28,30,36,39+4. 1등 총 5명, 1인당 당첨금액 2,491,222,920원."
168,168,"동행복권 168회 당첨번호 3,10,31,40,42,43+30. 1등 총 5명, 1인당 당첨금액 2,349,946,920원."
169,169,"동행복권 169회 당첨번호 16,27,35,37,43,45+19. 1등 총 5명, 1인당 당첨금액 2,482,888,380원."
170,170,"동행복권 170회 당첨번호 2,11,13,15,31,42+10. 1등 총 6명, 1인당 당첨금액 1,923,108,250원."
171,171,"동행복권 171회 당첨번호 4,16,25,29,34,35+1. 1등 총 6명, 1인당 당첨금액 1,961,339,700원."
172,172,"동행복권 172회 당첨번호 4,19,21,24,26,41+35. 1등 총 11명, 1인당 당첨금액 1,081,154,073원."
173,173,"동행복권 173회 당첨번호 3,9,24,30,33,34+18. 1등 총 8명, 1인당 당첨금액 1,487,736,788원."
174,174,"동행복권 174회 당첨번호 13,14,18,22,35,39+16. 1등 총 7명, 1인당 당첨금액 1,771,103,058원."
175,175,"동행복권 175회 당첨번호 19,26,28,31,33,36+17. 1등 총 5명, 1인당 당첨금액 2,371,132,620원."
176,176,"동행복권 176회 당첨번호 4,17,30,32,33,34+15. 1등 총 5명, 1인당 당첨금액 2,314,663,080원."
177,177,"동행복권 177회 당첨번호 1,10,13,16,37,43+6. 1등 총 7명, 1인당 당첨금액 1,693,285,500원."
178,178,"동행복권 178회 당첨번호 1,5,11,12,18,23+9. 1등 총 5명, 1인당 당첨금액 2,254,621,080원."
179,179,"동행복권 179회 당첨번호 5,9,17,25,39,43+32. 1등 총 10명, 1인당 당첨금액 1,081,093,920원."
180,180,"동행복권 180회 당첨번호 2,15,20,21,29,34+22. 1등 총 2명, 1인당 당첨금액 5,763,371,550원."
181,181,"동행복권 181회 당첨번호 14,21,23,32,40,45+44. 1등 총 6명, 1인당 당첨금액 1,941,763,300원."
182,182,"동행복권 182회 당첨번호 13,15,27,29,34,40+35. 1등 총 3명, 1인당 당첨금액 3,721,439,400원."
183,183,"동행복권 183회 당첨번호 2,18,24,34,40,42+5. 1등 총 6명, 1인당 당첨금액 1,777,221,500원."
184,184,"동행복권 184회 당첨번호 1,2,6,16,20,33+41. 1등 총 6명, 1인당 당첨금액 1,747,753,050원."
185,185,"동행복권 185회 당첨번호 1,2,4,8,19,38+14. 1등 총 3명, 1인당 당첨금액 3,522,485,800원."
186,186,"동행복권 186회 당첨번호 4,10,14,19,21,45+9. 1등 총 9명, 1인당 당첨금액 1,187,882,600원."
187,187,"동행복권 187회 당첨번호 1,2,8,18,29,38+42. 1등 총 7명, 1인당 당첨금액 1,544,733,900원."
188,188,"동행복권 188회 당첨번호 19,24,27,30,31,34+36. 1등 총 3명, 1인당 당첨금액 3,501,405,200원."
189,189,"동행복권 189회 당첨번호 8,14,32,35,37,45+28. 1등 총 3명, 1인당 당첨금액 3,461,775,100원."
190,190,"동행복권 190회 당첨번호 8,14,18,30,31,44+15. 1등 총 6명, 1인당 당첨금액 1,784,159,450원."
191,191,"동행복권 191회 당첨번호 5,6,24,25,32,37+8. 1등 총 4명, 1인당 당첨금액 2,577,114,675원."
192,192,"동행복권 192회 당첨번호 4,8,11,18,37,45+33. 1등 총 4명, 1인당 당첨금액 2,445,348,375원."
193,193,"동행복권 193회 당첨번호 6,14,18,26,36,39+13. 1등 총 3명, 1인당 당첨금액 3,404,449,700원."
194,194,"동행복권 194회 당첨번호 15,20,23,26,39,44+28. 1등 총 4명, 1인당 당첨금액 2,650,567,875원."
195,195,"동행복권 195회 당첨번호 7,10,19,22,35,40+31. 1등 총 11명, 1인당 당첨금액 918,992,591원."
196,196,"동행복권 196회 당첨번호 35,36,37,41,44,45+30. 1등 총 15명, 1인당 당첨금액 727,876,520원."
197,197,"동행복권 197회 당첨번호 7,12,16,34,42,45+4. 1등 총 6명, 1인당 당첨금액 1,803,018,300원."
198,198,"동행복권 198회 당첨번호 12,19,20,25,41,45+2. 1등 총 6명, 1인당 당첨금액 1,797,855,050원."
199,199,"동행복권 199회 당첨번호 14,21,22,25,30,36+43. 1등 총 2명, 1인당 당첨금액 5,344,252,200원."
200,200,"동행복권 200회 당첨번호 5,6,13,14,17,20+7. 1등 총 8명, 1인당 당첨금액 1,344,616,613원."
201,201,"동행복권 201회 당첨번호 3,11,24,38,39,44+26. 1등 총 1명, 1인당 당첨금액 9,719,465,400원."
202,202,"동행복권 202회 당첨번호 12,14,27,33,39,44+17. 1등 총 6명, 1인당 당첨금액 1,893,391,700원."
203,203,"동행복권 203회 당첨번호 1,3,11,24,30,32+7. 1등 총 5명, 1인당 당첨금액 2,164,564,740원."
204,204,"동행복권 204회 당첨번호 3,12,14,35,40,45+5. 1등 총 8명, 1인당 당첨금액 1,358,347,125원."
205,205,"동행복권 205회 당첨번호 1,3,21,29,35,37+30. 1등 총 6명, 1인당 당첨금액 1,835,221,800원."
206,206,"동행복권 206회 당첨번호 1,2,3,15,20,25+43. 1등 총 5명, 1인당 당첨금액 2,032,859,340원."
207,207,"동행복권 207회 당첨번호 3,11,14,31,32,37+38. 1등 총 5명, 1인당 당첨금액 2,104,673,760원."
208,208,"동행복권 208회 당첨번호 14,25,31,34,40,44+24. 1등 총 6명, 1인당 당첨금액 1,760,767,400원."
209,209,"동행복권 209회 당첨번호 2,7,18,20,24,33+37. 1등 총 6명, 1인당 당첨금액 1,660,896,350원."
210,210,"동행복권 210회 당첨번호 10,19,22,23,25,37+39. 1등 총 2명, 1인당 당첨금액 5,139,085,950원."
211,211,"동행복권 211회 당첨번호 12,13,17,20,33,41+8. 1등 총 10명, 1인당 당첨금액 1,035,800,250원."
212,212,"동행복권 212회 당첨번호 11,12,18,21,31,38+8. 1등 총 4명, 1인당 당첨금액 2,660,747,250원."
213,213,"동행복권 213회 당첨번호 2,3,4,5,20,24+42. 1등 총 8명, 1인당 당첨금액 1,376,678,025원."
214,214,"동행복권 214회 당첨번호 5,7,20,25,28,37+32. 1등 총 8명, 1인당 당첨금액 1,406,980,875원."
215,215,"동행복권 215회 당첨번호 2,3,7,15,43,44+4. 1등 총 7명, 1인당 당첨금액 1,587,689,615원."
216,216,"동행복권 216회 당첨번호 7,16,17,33,36,40+1. 1등 총 13명, 1인당 당첨금액 848,506,108원."
217,217,"동행복권 217회 당첨번호 16,20,27,33,35,39+38. 1등 총 7명, 1인당 당첨금액 1,611,246,172원."
218,218,"동행복권 218회 당첨번호 1,8,14,18,29,44+20. 1등 총 4명, 1인당 당첨금액 2,779,075,800원."
219,219,"동행복권 219회 당첨번호 4,11,20,26,35,37+16. 1등 총 9명, 1인당 당첨금액 1,208,409,167원."
220,220,"동행복권 220회 당첨번호 5,11,19,21,34,43+31. 1등 총 6명, 1인당 당첨금액 1,958,094,950원."
221,221,"동행복권 221회 당첨번호 2,20,33,35,37,40+10. 1등 총 6명, 1인당 당첨금액 1,800,104,250원."
222,222,"동행복권 222회 당첨번호 5,7,28,29,39,43+44. 1등 총 5명, 1인당 당첨금액 2,275,193,820원."
223,223,"동행복권 223회 당첨번호 1,3,18,20,26,27+38. 1등 총 7명, 1인당 당첨금액 1,498,170,600원."
224,224,"동행복권 224회 당첨번호 4,19,26,27,30,42+7. 1등 총 6명, 1인당 당첨금액 1,808,969,950원."
225,225,"동행복권 225회 당첨번호 5,11,13,19,31,36+7. 1등 총 6명, 1인당 당첨금액 1,777,201,800원."
226,226,"동행복권 226회 당첨번호 2,6,8,14,21,22+34. 1등 총 6명, 1인당 당첨금액 1,744,100,150원."
227,227,"동행복권 227회 당첨번호 4,5,15,16,22,42+2. 1등 총 2명, 1인당 당첨금액 5,253,542,400원."
228,228,"동행복권 228회 당첨번호 17,25,35,36,39,44+23. 1등 총 9명, 1인당 당첨금액 1,146,700,334원."
229,229,"동행복권 229회 당첨번호 4,5,9,11,23,38+35. 1등 총 7명, 1인당 당첨금액 1,451,441,100원."
230,230,"동행복권 230회 당첨번호 5,11,14,29,32,33+12. 1등 총 8명, 1인당 당첨금액 1,292,929,163원."
231,231,"동행복권 231회 당첨번호 5,10,19,31,44,45+27. 1등 총 9명, 1인당 당첨금액 1,088,365,900원."
232,232,"동행복권 232회 당첨번호 8,9,10,12,24,44+35. 1등 총 9명, 1인당 당첨금액 1,110,918,400원."
233,233,"동행복권 233회 당첨번호 4,6,13,17,28,40+39. 1등 총 10명, 1인당 당첨금액 999,153,750원."
234,234,"동행복권 234회 당첨번호 13,21,22,24,26,37+4. 1등 총 4명, 1인당 당첨금액 2,519,743,875원."
235,235,"동행복권 235회 당첨번호 21,22,26,27,31,37+8. 1등 총 3명, 1인당 당첨금액 3,433,330,100원."
236,236,"동행복권 236회 당첨번호 1,4,8,13,37,39+7. 1등 총 2명, 1인당 당첨금액 5,030,040,150원."
237,237,"동행복권 237회 당첨번호 1,11,17,21,24,44+33. 1등 총 7명, 1인당 당첨금액 1,440,630,729원."
238,238,"동행복권 238회 당첨번호 2,4,15,28,31,34+35. 1등 총 9명, 1인당 당첨금액 1,121,660,567원."
239,239,"동행복권 239회 당첨번호 11,15,24,39,41,44+7. 1등 총 9명, 1인당 당첨금액 1,134,140,167원."
240,240,"동행복권 240회 당첨번호 6,10,16,40,41,43+21. 1등 총 2명, 1인당 당첨금액 5,098,251,450원."
241,241,"동행복권 241회 당첨번호 2,16,24,27,28,35+21. 1등 총 4명, 1인당 당첨금액 2,552,016,300원."
242,242,"동행복권 242회 당첨번호 4,19,20,21,32,34+43. 1등 총 8명, 1인당 당첨금액 1,234,542,375원."
243,243,"동행복권 243회 당첨번호 2,12,17,19,28,42+34. 1등 총 4명, 1인당 당첨금액 2,408,850,000원."
244,244,"동행복권 244회 당첨번호 13,16,25,36,37,38+19. 1등 총 1명, 1인당 당첨금액 9,121,583,100원."
245,245,"동행복권 245회 당첨번호 9,11,27,31,32,38+22. 1등 총 7명, 1인당 당첨금액 1,382,583,129원."
246,246,"동행복권 246회 당첨번호 13,18,21,23,26,39+15. 1등 총 5명, 1인당 당첨금액 1,911,774,240원."
247,247,"동행복권 247회 당첨번호 12,15,28,36,39,40+13. 1등 총 6명, 1인당 당첨금액 1,669,313,900원."
248,248,"동행복권 248회 당첨번호 3,8,17,23,38,45+13. 1등 총 8명, 1인당 당첨금액 1,227,479,363원."
249,249,"동행복권 249회 당첨번호 3,8,27,31,41,44+11. 1등 총 6명, 1인당 당첨금액 1,663,568,700원."
250,250,"동행복권 250회 당첨번호 19,23,30,37,43,45+38. 1등 총 5명, 1인당 당첨금액 1,994,726,280원."
251,251,"동행복권 251회 당첨번호 6,7,19,25,28,38+45. 1등 총 8명, 1인당 당첨금액 1,282,616,400원."
252,252,"동행복권 252회 당첨번호 14,23,26,31,39,45+28. 1등 총 7명, 1인당 당첨금액 1,391,089,715원."
253,253,"동행복권 253회 당첨번호 8,19,25,31,34,36+33. 1등 총 4명, 1인당 당첨금액 2,466,189,525원."
254,254,"동행복권 254회 당첨번호 1,5,19,20,24,30+27. 1등 총 1명, 1인당 당첨금액 9,741,015,900원."
255,255,"동행복권 255회 당첨번호 1,5,6,24,27,42+32. 1등 총 6명, 1인당 당첨금액 1,598,618,550원."
256,256,"동행복권 256회 당첨번호 4,11,14,21,23,43+32. 1등 총 2명, 1인당 당첨금액 4,891,017,000원."
257,257,"동행복권 257회 당첨번호 6,13,27,31,32,37+4. 1등 총 4명, 1인당 당첨금액 2,391,377,025원."
258,258,"동행복권 258회 당첨번호 14,27,30,31,38,40+17. 1등 총 4명, 1인당 당첨금액 2,426,434,350원."
259,259,"동행복권 259회 당첨번호 4,5,14,35,42,45+34. 1등 총 2명, 1인당 당첨금액 4,838,533,500원."
260,260,"동행복권 260회 당첨번호 7,12,15,24,37,40+43. 1등 총 4명, 1인당 당첨금액 2,310,085,575원."
261,261,"동행복권 261회 당첨번호 6,11,16,18,31,43+2. 1등 총 3명, 1인당 당첨금액 3,192,299,100원."
262,262,"동행복권 262회 당첨번호 9,12,24,25,29,31+36. 1등 총 2명, 1인당 당첨금액 4,518,741,600원."
263,263,"동행복권 263회 당첨번호 1,27,28,32,37,40+18. 1등 총 6명, 1인당 당첨금액 1,551,704,900원."
264,264,"동행복권 264회 당첨번호 9,16,27,36,41,44+5. 1등 총 7명, 1인당 당첨금액 1,344,889,200원."
265,265,"동행복권 265회 당첨번호 5,9,34,37,38,39+12. 1등 총 8명, 1인당 당첨금액 1,200,838,575원."
266,266,"동행복권 266회 당첨번호 3,4,9,11,22,42+37. 1등 총 3명, 1인당 당첨금액 3,207,211,700원."
267,267,"동행복권 267회 당첨번호 7,8,24,34,36,41+1. 1등 총 3명, 1인당 당첨금액 3,257,663,300원."
268,268,"동행복권 268회 당첨번호 3,10,19,24,32,45+12. 1등 총 7명, 1인당 당첨금액 1,350,954,515원."
269,269,"동행복권 269회 당첨번호 5,18,20,36,42,43+32. 1등 총 5명, 1인당 당첨금액 1,961,399,940원."
270,270,"동행복권 270회 당첨번호 5,9,12,20,21,26+27. 1등 총 5명, 1인당 당첨금액 1,927,830,060원."
271,271,"동행복권 271회 당첨번호 3,8,9,27,29,40+36. 1등 총 6명, 1인당 당첨금액 1,565,918,150원."
272,272,"동행복권 272회 당첨번호 7,9,12,27,39,43+28. 1등 총 9명, 1인당 당첨금액 1,104,622,800원."
273,273,"동행복권 273회 당첨번호 1,8,24,31,34,44+6. 1등 총 3명, 1인당 당첨금액 3,339,543,100원."
274,274,"동행복권 274회 당첨번호 13,14,15,26,35,39+25. 1등 총 4명, 1인당 당첨금액 2,505,085,575원."
275,275,"동행복권 275회 당첨번호 14,19,20,35,38,40+26. 1등 총 1명, 1인당 당첨금액 10,044,066,900원."
276,276,"동행복권 276회 당첨번호 4,15,21,33,39,41+25. 1등 총 3명, 1인당 당첨금액 3,312,569,000원."
277,277,"동행복권 277회 당첨번호 10,12,13,15,25,29+20. 1등 총 3명, 1인당 당첨금액 3,272,627,800원."
278,278,"동행복권 278회 당첨번호 3,11,37,39,41,43+13. 1등 총 3명, 1인당 당첨금액 3,186,530,000원."
279,279,"동행복권 279회 당첨번호 7,16,31,36,37,38+11. 1등 총 5명, 1인당 당첨금액 1,914,205,320원."
280,280,"동행복권 280회 당첨번호 10,11,23,24,36,37+35. 1등 총 7명, 1인당 당첨금액 1,355,258,529원."
281,281,"동행복권 281회 당첨번호 1,3,4,6,14,41+12. 1등 총 6명, 1인당 당첨금액 1,554,683,200원."
282,282,"동행복권 282회 당첨번호 2,5,10,18,31,32+30. 1등 총 7명, 1인당 당첨금액 1,322,052,643원."
283,283,"동행복권 283회 당첨번호 6,8,18,31,38,45+42. 1등 총 3명, 1인당 당첨금액 3,137,224,600원."
284,284,"동행복권 284회 당첨번호 2,7,15,24,30,45+28. 1등 총 3명, 1인당 당첨금액 3,117,640,300원."
285,285,"동행복권 285회 당첨번호 13,33,37,40,41,45+2. 1등 총 3명, 1인당 당첨금액 3,164,370,100원."
286,286,"동행복권 286회 당첨번호 1,15,19,40,42,44+17. 1등 총 3명, 1인당 당첨금액 3,236,566,300원."
287,287,"동행복권 287회 당첨번호 6,12,24,27,35,37+41. 1등 총 7명, 1인당 당첨금액 1,328,657,100원."
288,288,"동행복권 288회 당첨번호 1,12,17,28,35,41+10. 1등 총 4명, 1인당 당첨금액 2,357,261,550원."
289,289,"동행복권 289회 당첨번호 3,14,33,37,38,42+10. 1등 총 0명, 1인당 당첨금액 0원."
290,290,"동행복권 290회 당첨번호 8,13,18,32,39,45+7. 1등 총 13명, 1인당 당첨금액 2,149,214,424원."
291,291,"동행복권 291회 당첨번호 3,7,8,18,20,42+45. 1등 총 7명, 1인당 당첨금액 1,450,585,200원."
292,292,"동행복권 292회 당첨번호 17,18,31,32,33,34+10. 1등 총 14명, 1인당 당첨금액 720,373,950원."
293,293,"동행복권 293회 당첨번호 1,9,17,21,29,33+24. 1등 총 6명, 1인당 당첨금액 1,656,764,400원."
294,294,"동행복권 294회 당첨번호 6,10,17,30,37,38+40. 1등 총 4명, 1인당 당첨금액 2,406,504,975원."
295,295,"동행복권 295회 당첨번호 1,4,12,16,18,38+8. 1등 총 0명, 1인당 당첨금액 0원."
296,296,"동행복권 296회 당첨번호 3,8,15,27,30,45+44. 1등 총 8명, 1인당 당첨금액 3,066,088,275원."
297,297,"동행복권 297회 당첨번호 6,11,19,20,28,32+34. 1등 총 2명, 1인당 당첨금액 5,056,668,750원."
298,298,"동행복권 298회 당첨번호 5,9,27,29,37,40+19. 1등 총 1명, 1인당 당첨금액 9,909,778,500원."
299,299,"동행복권 299회 당첨번호 1,3,20,25,36,45+24. 1등 총 7명, 1인당 당첨금액 1,483,772,529원."
300,300,"동행복권 300회 당첨번호 7,9,10,12,26,38+39. 1등 총 12명, 1인당 당첨금액 836,092,425원."
301,301,"동행복권 301회 당첨번호 7,11,13,33,37,43+26. 1등 총 7명, 1인당 당첨금액 1,447,385,015원."
302,302,"동행복권 302회 당첨번호 13,19,20,32,38,42+4. 1등 총 2명, 1인당 당첨금액 5,472,167,250원."
303,303,"동행복권 303회 당첨번호 2,14,17,30,38,45+43. 1등 총 6명, 1인당 당첨금액 1,672,749,000원."
304,304,"동행복권 304회 당첨번호 4,10,16,26,33,41+38. 1등 총 6명, 1인당 당첨금액 1,661,646,150원."
305,305,"동행복권 305회 당첨번호 7,8,18,21,23,39+9. 1등 총 5명, 1인당 당첨금액 2,008,210,140원."
306,306,"동행복권 306회 당첨번호 4,18,23,30,34,41+19. 1등 총 5명, 1인당 당첨금액 2,102,669,520원."
307,307,"동행복권 307회 당첨번호 5,15,21,23,25,45+12. 1등 총 4명, 1인당 당첨금액 2,587,643,250원."
308,308,"동행복권 308회 당첨번호 14,15,17,19,37,45+40. 1등 총 1명, 1인당 당첨금액 10,232,872,800원."
309,309,"동행복권 309회 당첨번호 1,2,5,11,18,36+22. 1등 총 11명, 1인당 당첨금액 901,622,946원."
310,310,"동행복권 310회 당첨번호 1,5,19,28,34,41+16. 1등 총 8명, 1인당 당첨금액 1,296,713,325원."
311,311,"동행복권 311회 당첨번호 4,12,24,27,28,32+10. 1등 총 8명, 1인당 당첨금액 1,237,691,063원."
312,312,"동행복권 312회 당첨번호 2,3,5,6,12,20+25. 1등 총 15명, 1인당 당첨금액 629,017,820원."
313,313,"동행복권 313회 당첨번호 9,17,34,35,43,45+2. 1등 총 6명, 1인당 당첨금액 1,715,422,800원."
314,314,"동행복권 314회 당첨번호 15,17,19,34,38,41+2. 1등 총 6명, 1인당 당첨금액 1,660,512,200원."
315,315,"동행복권 315회 당첨번호 1,13,33,35,43,45+23. 1등 총 8명, 1인당 당첨금액 1,308,728,625원."
316,316,"동행복권 316회 당첨번호 10,11,21,27,31,39+43. 1등 총 6명, 1인당 당첨금액 1,673,586,400원."
317,317,"동행복권 317회 당첨번호 3,10,11,22,36,39+8. 1등 총 4명, 1인당 당첨금액 2,576,258,550원."
318,318,"동행복권 318회 당첨번호 2,17,19,20,34,45+21. 1등 총 9명, 1인당 당첨금액 1,207,436,600원."
319,319,"동행복권 319회 당첨번호 5,8,22,28,33,42+37. 1등 총 5명, 1인당 당첨금액 2,135,659,380원."
320,320,"동행복권 320회 당첨번호 16,19,23,25,41,45+3. 1등 총 2명, 1인당 당첨금액 5,513,067,900원."
321,321,"동행복권 321회 당첨번호 12,18,20,21,25,34+42. 1등 총 6명, 1인당 당첨금액 1,959,136,100원."
322,322,"동행복권 322회 당첨번호 9,18,29,32,38,43+20. 1등 총 6명, 1인당 당첨금액 1,904,544,700원."
323,323,"동행복권 323회 당첨번호 10,14,15,32,36,42+3. 1등 총 8명, 1인당 당첨금액 1,461,025,388원."
324,324,"동행복권 324회 당첨번호 2,4,21,25,33,36+17. 1등 총 6명, 1인당 당첨금액 1,865,130,350원."
325,325,"동행복권 325회 당첨번호 7,17,20,32,44,45+33. 1등 총 6명, 1인당 당첨금액 1,806,122,450원."
326,326,"동행복권 326회 당첨번호 16,23,25,33,36,39+40. 1등 총 6명, 1인당 당첨금액 1,832,134,550원."
327,327,"동행복권 327회 당첨번호 6,12,13,17,32,44+24. 1등 총 12명, 1인당 당첨금액 882,674,750원."
328,328,"동행복권 328회 당첨번호 1,6,9,16,17,28+24. 1등 총 6명, 1인당 당첨금액 1,819,795,900원."
329,329,"동행복권 329회 당첨번호 9,17,19,30,35,42+4. 1등 총 6명, 1인당 당첨금액 1,830,391,200원."
330,330,"동행복권 330회 당첨번호 3,4,16,17,19,20+23. 1등 총 9명, 1인당 당첨금액 1,162,280,200원."
331,331,"동행복권 331회 당첨번호 4,9,14,26,31,44+39. 1등 총 5명, 1인당 당첨금액 2,165,902,620원."
332,332,"동행복권 332회 당첨번호 16,17,34,36,42,45+3. 1등 총 8명, 1인당 당첨금액 1,359,448,388원."
333,333,"동행복권 333회 당첨번호 5,14,27,30,39,43+35. 1등 총 7명, 1인당 당첨금액 1,550,987,143원."
334,334,"동행복권 334회 당첨번호 13,15,21,29,39,43+33. 1등 총 7명, 1인당 당첨금액 1,523,002,972원."
335,335,"동행복권 335회 당첨번호 5,9,16,23,26,45+21. 1등 총 5명, 1인당 당첨금액 2,037,492,480원."
336,336,"동행복권 336회 당첨번호 3,5,20,34,35,44+16. 1등 총 6명, 1인당 당첨금액 1,685,632,650원."
337,337,"동행복권 337회 당첨번호 1,5,14,18,32,37+4. 1등 총 8명, 1인당 당첨금액 1,257,500,513원."
338,338,"동행복권 338회 당첨번호 2,13,34,38,42,45+16. 1등 총 3명, 1인당 당첨금액 3,383,431,000원."
339,339,"동행복권 339회 당첨번호 6,8,14,21,30,37+45. 1등 총 9명, 1인당 당첨금액 1,096,778,334원."
340,340,"동행복권 340회 당첨번호 18,24,26,29,34,38+32. 1등 총 7명, 1인당 당첨금액 1,439,393,186원."
341,341,"동행복권 341회 당첨번호 1,8,19,34,39,43+41. 1등 총 7명, 1인당 당첨금액 1,497,207,772원."
342,342,"동행복권 342회 당첨번호 1,13,14,33,34,43+25. 1등 총 3명, 1인당 당첨금액 3,454,095,800원."
343,343,"동행복권 343회 당첨번호 1,10,17,29,31,43+15. 1등 총 6명, 1인당 당첨금액 1,717,153,000원."
344,344,"동행복권 344회 당첨번호 1,2,15,28,34,45+38. 1등 총 7명, 1인당 당첨금액 1,467,106,543원."
345,345,"동행복권 345회 당첨번호 15,20,23,29,39,42+2. 1등 총 2명, 1인당 당첨금액 5,203,577,550원."
346,346,"동행복권 346회 당첨번호 5,13,14,22,44,45+33. 1등 총 5명, 1인당 당첨금액 2,017,727,340원."
347,347,"동행복권 347회 당첨번호 3,8,13,27,32,42+10. 1등 총 7명, 1인당 당첨금액 1,456,624,286원."
348,348,"동행복권 348회 당첨번호 3,14,17,20,24,31+34. 1등 총 3명, 1인당 당첨금액 3,299,994,000원."
349,349,"동행복권 349회 당첨번호 5,13,14,20,24,25+36. 1등 총 3명, 1인당 당첨금액 3,353,209,000원."
350,350,"동행복권 350회 당첨번호 1,8,18,24,29,33+35. 1등 총 9명, 1인당 당첨금액 1,101,052,467원."
351,351,"동행복권 351회 당첨번호 5,25,27,29,34,36+33. 1등 총 4명, 1인당 당첨금액 2,583,357,150원."
352,352,"동행복권 352회 당첨번호 5,16,17,20,26,41+24. 1등 총 6명, 1인당 당첨금액 1,732,858,250원."
353,353,"동행복권 353회 당첨번호 11,16,19,22,29,36+26. 1등 총 2명, 1인당 당첨금액 5,290,838,250원."
354,354,"동행복권 354회 당첨번호 14,19,36,43,44,45+1. 1등 총 5명, 1인당 당첨금액 2,124,464,340원."
355,355,"동행복권 355회 당첨번호 5,8,29,30,35,44+38. 1등 총 5명, 1인당 당첨금액 2,145,424,800원."
356,356,"동행복권 356회 당첨번호 2,8,14,25,29,45+24. 1등 총 9명, 1인당 당첨금액 1,157,185,267원."
357,357,"동행복권 357회 당첨번호 10,14,18,21,36,37+5. 1등 총 2명, 1인당 당첨금액 5,313,394,350원."
358,358,"동행복권 358회 당첨번호 1,9,10,12,21,40+37. 1등 총 3명, 1인당 당첨금액 3,472,654,900원."
359,359,"동행복권 359회 당첨번호 1,10,19,20,24,40+23. 1등 총 8명, 1인당 당첨금액 1,286,712,600원."
360,360,"동행복권 360회 당첨번호 4,16,23,25,35,40+27. 1등 총 3명, 1인당 당첨금액 3,566,716,200원."
361,361,"동행복권 361회 당첨번호 5,10,16,24,27,35+33. 1등 총 7명, 1인당 당첨금액 1,473,115,115원."
362,362,"동행복권 362회 당첨번호 2,3,22,27,30,40+29. 1등 총 6명, 1인당 당첨금액 1,729,424,650원."
363,363,"동행복권 363회 당첨번호 11,12,14,21,32,38+6. 1등 총 4명, 1인당 당첨금액 2,615,910,600원."
364,364,"동행복권 364회 당첨번호 2,5,7,14,16,40+4. 1등 총 4명, 1인당 당첨금액 2,531,914,800원."
365,365,"동행복권 365회 당첨번호 5,15,21,25,26,30+31. 1등 총 1명, 1인당 당첨금액 10,697,716,800원."
366,366,"동행복권 366회 당첨번호 5,12,19,26,27,44+38. 1등 총 2명, 1인당 당첨금액 5,351,553,900원."
367,367,"동행복권 367회 당첨번호 3,22,25,29,32,44+19. 1등 총 7명, 1인당 당첨금액 1,581,736,586원."
368,368,"동행복권 368회 당첨번호 11,21,24,30,39,45+26. 1등 총 7명, 1인당 당첨금액 1,465,825,115원."
369,369,"동행복권 369회 당첨번호 17,20,35,36,41,43+21. 1등 총 6명, 1인당 당첨금액 1,842,177,750원."
370,370,"동행복권 370회 당첨번호 16,18,24,42,44,45+17. 1등 총 7명, 1인당 당첨금액 1,678,941,943원."
371,371,"동행복권 371회 당첨번호 7,9,15,26,27,42+18. 1등 총 7명, 1인당 당첨금액 1,524,130,543원."
372,372,"동행복권 372회 당첨번호 8,11,14,16,18,21+13. 1등 총 9명, 1인당 당첨금액 1,192,593,200원."
373,373,"동행복권 373회 당첨번호 15,26,37,42,43,45+9. 1등 총 4명, 1인당 당첨금액 2,791,801,125원."
374,374,"동행복권 374회 당첨번호 11,13,15,17,25,34+26. 1등 총 2명, 1인당 당첨금액 5,528,717,850원."
375,375,"동행복권 375회 당첨번호 4,8,19,25,27,45+7. 1등 총 7명, 1인당 당첨금액 1,581,284,058원."
376,376,"동행복권 376회 당첨번호 1,11,13,24,28,40+7. 1등 총 6명, 1인당 당첨금액 1,956,915,800원."
377,377,"동행복권 377회 당첨번호 6,22,29,37,43,45+23. 1등 총 3명, 1인당 당첨금액 3,912,085,400원."
378,378,"동행복권 378회 당첨번호 5,22,29,31,34,39+43. 1등 총 5명, 1인당 당첨금액 2,317,698,240원."
379,379,"동행복권 379회 당첨번호 6,10,22,31,35,40+19. 1등 총 7명, 1인당 당첨금액 1,598,999,786원."
380,380,"동행복권 380회 당첨번호 1,2,8,17,26,37+27. 1등 총 4명, 1인당 당첨금액 2,684,274,825원."
381,381,"동행복권 381회 당첨번호 1,5,10,12,16,20+11. 1등 총 19명, 1인당 당첨금액 565,738,895원."
382,382,"동행복권 382회 당첨번호 10,15,22,24,27,42+19. 1등 총 6명, 1인당 당첨금액 1,846,674,900원."
383,383,"동행복권 383회 당첨번호 4,15,28,33,37,40+25. 1등 총 3명, 1인당 당첨금액 3,596,522,100원."
384,384,"동행복권 384회 당첨번호 11,22,24,32,36,38+7. 1등 총 3명, 1인당 당첨금액 3,658,734,200원."
385,385,"동행복권 385회 당첨번호 7,12,19,21,29,32+9. 1등 총 7명, 1인당 당첨금액 1,542,032,700원."
386,386,"동행복권 386회 당첨번호 4,7,10,19,31,40+26. 1등 총 10명, 1인당 당첨금액 1,042,953,330원."
387,387,"동행복권 387회 당첨번호 1,26,31,34,40,43+20. 1등 총 4명, 1인당 당첨금액 2,675,533,500원."
388,388,"동행복권 388회 당첨번호 1,8,9,17,29,32+45. 1등 총 4명, 1인당 당첨금액 2,545,543,875원."
389,389,"동행복권 389회 당첨번호 7,16,18,20,23,26+3. 1등 총 5명, 1인당 당첨금액 2,119,027,020원."
390,390,"동행복권 390회 당첨번호 16,17,28,37,39,40+15. 1등 총 1명, 1인당 당첨금액 10,373,997,900원."
391,391,"동행복권 391회 당첨번호 10,11,18,22,28,39+30. 1등 총 1명, 1인당 당첨금액 10,508,749,800원."
392,392,"동행복권 392회 당첨번호 1,3,7,8,24,42+43. 1등 총 6명, 1인당 당첨금액 1,713,528,700원."
393,393,"동행복권 393회 당첨번호 9,16,28,40,41,43+21. 1등 총 8명, 1인당 당첨금액 1,362,003,975원."
394,394,"동행복권 394회 당첨번호 1,13,20,22,25,28+15. 1등 총 1명, 1인당 당첨금액 10,654,349,100원."
395,395,"동행복권 395회 당첨번호 11,15,20,26,31,35+7. 1등 총 7명, 1인당 당첨금액 1,534,635,000원."
396,396,"동행복권 396회 당첨번호 18,20,31,34,40,45+30. 1등 총 2명, 1인당 당첨금액 5,296,622,400원."
397,397,"동행복권 397회 당첨번호 12,13,17,22,25,33+8. 1등 총 3명, 1인당 당첨금액 3,499,519,700원."
398,398,"동행복권 398회 당첨번호 10,15,20,23,42,44+7. 1등 총 4명, 1인당 당첨금액 2,680,625,550원."
399,399,"동행복권 399회 당첨번호 1,2,9,17,19,42+20. 1등 총 8명, 1인당 당첨금액 1,276,854,975원."
400,400,"동행복권 400회 당첨번호 9,21,27,34,41,43+2. 1등 총 4명, 1인당 당첨금액 2,669,834,325원."
401,401,"동행복권 401회 당첨번호 6,12,18,31,38,43+9. 1등 총 9명, 1인당 당첨금액 1,168,214,792원."
402,402,"동행복권 402회 당첨번호 5,9,15,19,22,36+32. 1등 총 4명, 1인당 당첨금액 2,662,206,188원."
403,403,"동행복권 403회 당첨번호 10,14,22,24,28,37+26. 1등 총 5명, 1인당 당첨금액 2,122,396,875원."
404,404,"동행복권 404회 당첨번호 5,20,21,24,33,40+36. 1등 총 3명, 1인당 당첨금액 3,566,659,375원."
405,405,"동행복권 405회 당첨번호 1,2,10,25,26,44+4. 1등 총 3명, 1인당 당첨금액 3,543,878,000원."
406,406,"동행복권 406회 당첨번호 7,12,21,24,27,36+45. 1등 총 5명, 1인당 당첨금액 2,156,142,450원."
407,407,"동행복권 407회 당첨번호 6,7,13,16,24,25+1. 1등 총 7명, 1인당 당첨금액 1,649,707,286원."
408,408,"동행복권 408회 당첨번호 9,20,21,22,30,37+16. 1등 총 5명, 1인당 당첨금액 2,235,375,825원."
409,409,"동행복권 409회 당첨번호 6,9,21,31,32,40+38. 1등 총 4명, 1인당 당첨금액 2,896,989,750원."
410,410,"동행복권 410회 당첨번호 1,3,18,32,40,41+16. 1등 총 9명, 1인당 당첨금액 1,249,335,709원."
411,411,"동행복권 411회 당첨번호 11,14,22,35,37,39+5. 1등 총 12명, 1인당 당첨금액 953,227,563원."
412,412,"동행복권 412회 당첨번호 4,7,39,41,42,45+40. 1등 총 7명, 1인당 당첨금액 1,656,199,822원."
413,413,"동행복권 413회 당첨번호 2,9,15,23,34,40+3. 1등 총 4명, 1인당 당첨금액 2,814,673,500원."
414,414,"동행복권 414회 당첨번호 2,14,15,22,23,44+43. 1등 총 1명, 1인당 당첨금액 11,703,832,500원."
415,415,"동행복권 415회 당첨번호 7,17,20,26,30,40+24. 1등 총 8명, 1인당 당첨금액 1,334,182,407원."
416,416,"동행복권 416회 당첨번호 5,6,8,11,22,26+44. 1등 총 10명, 1인당 당첨금액 1,072,037,100원."
417,417,"동행복권 417회 당첨번호 4,5,14,20,22,43+44. 1등 총 4명, 1인당 당첨금액 2,818,329,938원."
418,418,"동행복권 418회 당첨번호 11,13,15,26,28,34+31. 1등 총 8명, 1인당 당첨금액 1,435,649,766원."
419,419,"동행복권 419회 당첨번호 2,11,13,14,28,30+7. 1등 총 3명, 1인당 당첨금액 3,796,490,750원."
420,420,"동행복권 420회 당첨번호 4,9,10,29,31,34+27. 1등 총 8명, 1인당 당첨금액 1,424,856,375원."
421,421,"동행복권 421회 당첨번호 6,11,26,27,28,44+30. 1등 총 5명, 1인당 당첨금액 2,321,144,325원."
422,422,"동행복권 422회 당첨번호 8,15,19,21,34,44+12. 1등 총 6명, 1인당 당첨금액 2,205,251,375원."
423,423,"동행복권 423회 당첨번호 1,17,27,28,29,40+5. 1등 총 3명, 1인당 당첨금액 3,896,153,875원."
424,424,"동행복권 424회 당첨번호 10,11,26,31,34,44+30. 1등 총 10명, 1인당 당첨금액 1,109,480,813원."
425,425,"동행복권 425회 당첨번호 8,10,14,27,33,38+3. 1등 총 8명, 1인당 당첨금액 1,534,833,000원."
426,426,"동행복권 426회 당첨번호 4,17,18,27,39,43+19. 1등 총 4명, 1인당 당첨금액 3,057,233,625원."
427,427,"동행복권 427회 당첨번호 6,7,15,24,28,30+21. 1등 총 1명, 1인당 당첨금액 12,571,445,625원."
428,428,"동행복권 428회 당첨번호 12,16,19,22,37,40+8. 1등 총 9명, 1인당 당첨금액 1,437,683,209원."
429,429,"동행복권 429회 당첨번호 3,23,28,34,39,42+16. 1등 총 9명, 1인당 당첨금액 1,485,904,709원."
430,430,"동행복권 430회 당첨번호 1,3,16,18,30,34+44. 1등 총 8명, 1인당 당첨금액 1,611,763,219원."
431,431,"동행복권 431회 당첨번호 18,22,25,31,38,45+6. 1등 총 10명, 1인당 당첨금액 1,268,434,013원."
432,432,"동행복권 432회 당첨번호 2,3,5,11,27,39+33. 1등 총 5명, 1인당 당첨금액 2,299,427,550원."
433,433,"동행복권 433회 당첨번호 19,23,29,33,35,43+27. 1등 총 11명, 1인당 당첨금액 1,182,294,410원."
434,434,"동행복권 434회 당첨번호 3,13,20,24,33,37+35. 1등 총 8명, 1인당 당첨금액 1,480,060,266원."
435,435,"동행복권 435회 당첨번호 8,16,26,30,38,45+42. 1등 총 10명, 1인당 당첨금액 1,287,550,013원."
436,436,"동행복권 436회 당첨번호 9,14,20,22,33,34+28. 1등 총 8명, 1인당 당첨금액 1,512,266,579원."
437,437,"동행복권 437회 당첨번호 11,16,29,38,41,44+21. 1등 총 6명, 1인당 당첨금액 2,096,245,438원."
438,438,"동행복권 438회 당첨번호 6,12,20,26,29,38+45. 1등 총 9명, 1인당 당첨금액 1,377,142,167원."
439,439,"동행복권 439회 당첨번호 17,20,30,31,37,40+25. 1등 총 6명, 1인당 당첨금액 1,900,077,375원."
440,440,"동행복권 440회 당첨번호 10,22,28,34,36,44+2. 1등 총 6명, 1인당 당첨금액 1,995,873,000원."
441,441,"동행복권 441회 당첨번호 1,23,28,30,34,35+9. 1등 총 4명, 1인당 당첨금액 3,170,417,063원."
442,442,"동행복권 442회 당첨번호 25,27,29,36,38,40+41. 1등 총 9명, 1인당 당첨금액 1,413,413,042원."
443,443,"동행복권 443회 당첨번호 4,6,10,19,20,44+14. 1등 총 9명, 1인당 당첨금액 1,327,597,584원."
444,444,"동행복권 444회 당첨번호 11,13,23,35,43,45+17. 1등 총 3명, 1인당 당첨금액 4,154,188,625원."
445,445,"동행복권 445회 당첨번호 13,20,21,30,39,45+32. 1등 총 7명, 1인당 당첨금액 1,791,683,036원."
446,446,"동행복권 446회 당첨번호 1,11,12,14,26,35+6. 1등 총 3명, 1인당 당첨금액 4,051,247,625원."
447,447,"동행복권 447회 당첨번호 2,7,8,9,17,33+34. 1등 총 4명, 1인당 당첨금액 2,657,941,125원."
448,448,"동행복권 448회 당첨번호 3,7,13,27,40,41+36. 1등 총 3명, 1인당 당첨금액 4,026,212,750원."
449,449,"동행복권 449회 당첨번호 3,10,20,26,35,43+36. 1등 총 3명, 1인당 당첨금액 4,059,715,250원."
450,450,"동행복권 450회 당첨번호 6,14,19,21,23,31+13. 1등 총 6명, 1인당 당첨금액 1,990,391,625원."
451,451,"동행복권 451회 당첨번호 12,15,20,24,30,38+29. 1등 총 13명, 1인당 당첨금액 882,138,952원."
452,452,"동행복권 452회 당첨번호 8,10,18,30,32,34+27. 1등 총 9명, 1인당 당첨금액 1,276,902,000원."
453,453,"동행복권 453회 당첨번호 12,24,33,38,40,42+30. 1등 총 5명, 1인당 당첨금액 2,262,732,375원."
454,454,"동행복권 454회 당첨번호 13,25,27,34,38,41+10. 1등 총 7명, 1인당 당첨금액 1,609,125,590원."
455,455,"동행복권 455회 당첨번호 4,19,20,26,30,35+24. 1등 총 7명, 1인당 당첨금액 1,635,711,483원."
456,456,"동행복권 456회 당첨번호 1,7,12,18,23,27+44. 1등 총 7명, 1인당 당첨금액 1,598,505,054원."
457,457,"동행복권 457회 당첨번호 8,10,18,23,27,40+33. 1등 총 10명, 1인당 당첨금액 1,159,902,825원."
458,458,"동행복권 458회 당첨번호 4,9,10,32,36,40+18. 1등 총 8명, 1인당 당첨금액 1,608,812,625원."
459,459,"동행복권 459회 당첨번호 4,6,10,14,25,40+12. 1등 총 7명, 1인당 당첨금액 1,655,842,233원."
460,460,"동행복권 460회 당첨번호 8,11,28,30,43,45+41. 1등 총 4명, 1인당 당첨금액 3,180,895,782원."
461,461,"동행복권 461회 당첨번호 11,18,26,31,37,40+43. 1등 총 6명, 1인당 당첨금액 1,948,674,875원."
462,462,"동행복권 462회 당첨번호 3,20,24,32,37,45+4. 1등 총 8명, 1인당 당첨금액 1,483,559,297원."
463,463,"동행복권 463회 당첨번호 23,29,31,33,34,44+40. 1등 총 0명, 1인당 당첨금액 0원."
464,464,"동행복권 464회 당첨번호 6,12,15,34,42,44+4. 1등 총 13명, 1인당 당첨금액 3,355,721,106원."
465,465,"동행복권 465회 당첨번호 1,8,11,13,22,38+31. 1등 총 7명, 1인당 당첨금액 1,923,662,893원."
466,466,"동행복권 466회 당첨번호 4,10,13,23,32,44+20. 1등 총 9명, 1인당 당첨금액 1,530,313,459원."
467,467,"동행복권 467회 당첨번호 2,12,14,17,24,40+39. 1등 총 9명, 1인당 당첨금액 1,435,441,084원."
468,468,"동행복권 468회 당첨번호 8,13,15,28,37,43+17. 1등 총 9명, 1인당 당첨금액 1,527,197,167원."
469,469,"동행복권 469회 당첨번호 4,21,22,34,37,38+33. 1등 총 4명, 1인당 당첨금액 3,330,131,250원."
470,470,"동행복권 470회 당첨번호 10,16,20,39,41,42+27. 1등 총 3명, 1인당 당첨금액 4,333,330,625원."
471,471,"동행복권 471회 당첨번호 6,13,29,37,39,41+43. 1등 총 7명, 1인당 당첨금액 1,939,332,858원."
472,472,"동행복권 472회 당첨번호 16,25,26,31,36,43+44. 1등 총 7명, 1인당 당첨금액 1,809,656,090원."
473,473,"동행복권 473회 당첨번호 8,13,20,22,23,36+34. 1등 총 4명, 1인당 당첨금액 3,250,418,063원."
474,474,"동행복권 474회 당첨번호 4,13,18,31,33,45+43. 1등 총 15명, 1인당 당첨금액 936,690,800원."
475,475,"동행복권 475회 당첨번호 1,9,14,16,21,29+3. 1등 총 8명, 1인당 당첨금액 1,693,923,047원."
476,476,"동행복권 476회 당첨번호 9,12,13,15,37,38+27. 1등 총 4명, 1인당 당첨금액 3,439,851,469원."
477,477,"동행복권 477회 당첨번호 14,25,29,32,33,45+37. 1등 총 8명, 1인당 당첨금액 1,919,011,829원."
478,478,"동행복권 478회 당첨번호 18,29,30,37,39,43+8. 1등 총 14명, 1인당 당첨금액 987,224,759원."
479,479,"동행복권 479회 당첨번호 8,23,25,27,35,44+24. 1등 총 6명, 1인당 당첨금액 2,233,046,500원."
480,480,"동행복권 480회 당첨번호 3,5,10,17,30,31+16. 1등 총 4명, 1인당 당첨금액 2,996,742,282원."
481,481,"동행복권 481회 당첨번호 3,4,23,29,40,41+20. 1등 총 3명, 1인당 당첨금액 4,639,355,750원."
482,482,"동행복권 482회 당첨번호 1,10,16,24,25,35+43. 1등 총 7명, 1인당 당첨금액 1,897,921,179원."
483,483,"동행복권 483회 당첨번호 12,15,19,22,28,34+5. 1등 총 5명, 1인당 당첨금액 2,567,196,675원."
484,484,"동행복권 484회 당첨번호 1,3,27,28,32,45+11. 1등 총 6명, 1인당 당첨금액 2,305,303,063원."
485,485,"동행복권 485회 당첨번호 17,22,26,27,36,39+20. 1등 총 9명, 1인당 당첨금액 1,501,474,917원."
486,486,"동행복권 486회 당첨번호 1,2,23,25,38,40+43. 1등 총 13명, 1인당 당첨금액 1,008,634,125원."
487,487,"동행복권 487회 당첨번호 4,8,25,27,37,41+21. 1등 총 8명, 1인당 당첨금액 1,638,830,766원."
488,488,"동행복권 488회 당첨번호 2,8,17,30,31,38+25. 1등 총 10명, 1인당 당첨금액 1,330,393,575원."
489,489,"동행복권 489회 당첨번호 2,4,8,15,20,27+11. 1등 총 6명, 1인당 당첨금액 2,106,360,625원."
490,490,"동행복권 490회 당첨번호 2,7,26,29,40,43+42. 1등 총 7명, 1인당 당첨금액 1,860,234,161원."
491,491,"동행복권 491회 당첨번호 8,17,35,36,39,42+4. 1등 총 4명, 1인당 당첨금액 3,304,634,438원."
492,492,"동행복권 492회 당첨번호 22,27,31,35,37,40+42. 1등 총 5명, 1인당 당첨금액 2,493,013,800원."
493,493,"동행복권 493회 당첨번호 20,22,26,33,36,37+25. 1등 총 9명, 1인당 당첨금액 1,451,120,334원."
494,494,"동행복권 494회 당첨번호 5,7,8,15,30,43+22. 1등 총 12명, 1인당 당첨금액 1,054,588,407원."
495,495,"동행복권 495회 당첨번호 4,13,22,27,34,44+6. 1등 총 6명, 1인당 당첨금액 2,111,645,000원."
496,496,"동행복권 496회 당첨번호 4,13,20,29,36,41+39. 1등 총 4명, 1인당 당첨금액 3,285,932,250원."
497,497,"동행복권 497회 당첨번호 19,20,23,24,43,44+13. 1등 총 6명, 1인당 당첨금액 2,222,817,813원."
498,498,"동행복권 498회 당첨번호 13,14,24,32,39,41+3. 1등 총 4명, 1인당 당첨금액 3,244,503,094원."
499,499,"동행복권 499회 당첨번호 5,20,23,27,35,40+43. 1등 총 3명, 1인당 당첨금액 4,070,480,250원."
500,500,"동행복권 500회 당첨번호 3,4,12,20,24,34+41. 1등 총 9명, 1인당 당첨금액 1,351,072,375원."
501,501,"동행복권 501회 당첨번호 1,4,10,17,31,42+2. 1등 총 4명, 1인당 당첨금액 3,025,200,094원."
502,502,"동행복권 502회 당첨번호 6,22,28,32,34,40+26. 1등 총 6명, 1인당 당첨금액 2,201,458,125원."
503,503,"동행복권 503회 당첨번호 1,5,27,30,34,36+40. 1등 총 7명, 1인당 당첨금액 1,853,634,911원."
504,504,"동행복권 504회 당첨번호 6,14,22,26,43,44+31. 1등 총 9명, 1인당 당첨금액 1,443,236,959원."
505,505,"동행복권 505회 당첨번호 7,20,22,25,38,40+44. 1등 총 6명, 1인당 당첨금액 1,917,955,188원."
506,506,"동행복권 506회 당첨번호 6,9,11,22,24,30+31. 1등 총 3명, 1인당 당첨금액 4,073,333,875원."
507,507,"동행복권 507회 당첨번호 12,13,32,33,40,41+4. 1등 총 9명, 1인당 당첨금액 1,416,438,875원."
508,508,"동행복권 508회 당첨번호 5,27,31,34,35,43+37. 1등 총 8명, 1인당 당첨금액 1,599,557,860원."
509,509,"동행복권 509회 당첨번호 12,25,29,35,42,43+24. 1등 총 5명, 1인당 당첨금액 2,689,076,100원."
510,510,"동행복권 510회 당첨번호 12,29,32,33,39,40+42. 1등 총 5명, 1인당 당첨금액 2,644,158,150원."
511,511,"동행복권 511회 당첨번호 3,7,14,23,26,42+24. 1등 총 6명, 1인당 당첨금액 2,165,579,250원."
512,512,"동행복권 512회 당첨번호 4,5,9,13,26,27+1. 1등 총 13명, 1인당 당첨금액 940,094,452원."
513,513,"동행복권 513회 당첨번호 5,8,21,23,27,33+12. 1등 총 3명, 1인당 당첨금액 4,589,624,750원."
514,514,"동행복권 514회 당첨번호 1,15,20,26,35,42+9. 1등 총 3명, 1인당 당첨금액 4,451,055,500원."
515,515,"동행복권 515회 당첨번호 2,11,12,15,23,37+8. 1등 총 1명, 1인당 당첨금액 13,200,466,875원."
516,516,"동행복권 516회 당첨번호 2,8,23,41,43,44+30. 1등 총 11명, 1인당 당첨금액 1,294,190,182원."
517,517,"동행복권 517회 당첨번호 1,9,12,28,36,41+10. 1등 총 5명, 1인당 당첨금액 2,659,057,725원."
518,518,"동행복권 518회 당첨번호 14,23,30,32,34,38+6. 1등 총 6명, 1인당 당첨금액 2,263,804,125원."
519,519,"동행복권 519회 당첨번호 6,8,13,16,30,43+3. 1등 총 7명, 1인당 당첨금액 1,950,601,393원."
520,520,"동행복권 520회 당첨번호 4,22,27,28,38,40+1. 1등 총 6명, 1인당 당첨금액 2,167,205,438원."
521,521,"동행복권 521회 당첨번호 3,7,18,29,32,36+19. 1등 총 8명, 1인당 당첨금액 1,693,420,922원."
522,522,"동행복권 522회 당첨번호 4,5,13,14,37,41+11. 1등 총 6명, 1인당 당첨금액 2,281,623,000원."
523,523,"동행복권 523회 당첨번호 1,4,37,38,40,45+7. 1등 총 7명, 1인당 당첨금액 1,780,355,840원."
524,524,"동행복권 524회 당첨번호 10,11,29,38,41,45+21. 1등 총 4명, 1인당 당첨금액 3,491,695,594원."
525,525,"동행복권 525회 당첨번호 11,23,26,29,39,44+22. 1등 총 9명, 1인당 당첨금액 1,501,132,375원."
526,526,"동행복권 526회 당첨번호 7,14,17,20,35,39+31. 1등 총 9명, 1인당 당첨금액 1,491,031,959원."
527,527,"동행복권 527회 당첨번호 1,12,22,32,33,42+38. 1등 총 13명, 1인당 당첨금액 1,032,386,366원."
528,528,"동행복권 528회 당첨번호 5,17,25,31,39,40+10. 1등 총 11명, 1인당 당첨금액 1,197,889,125원."
529,529,"동행복권 529회 당첨번호 18,20,24,27,31,42+39. 1등 총 8명, 1인당 당첨금액 1,749,114,797원."
530,530,"동행복권 530회 당첨번호 16,23,27,29,33,41+22. 1등 총 11명, 1인당 당첨금액 1,231,656,239원."
531,531,"동행복권 531회 당첨번호 1,5,9,21,27,35+45. 1등 총 9명, 1인당 당첨금액 1,521,519,750원."
532,532,"동행복권 532회 당첨번호 16,17,23,24,29,44+3. 1등 총 7명, 1인당 당첨금액 2,216,896,286원."
533,533,"동행복권 533회 당첨번호 9,14,15,17,31,33+23. 1등 총 8명, 1인당 당첨금액 1,785,671,579원."
534,534,"동행복권 534회 당첨번호 10,24,26,29,37,38+32. 1등 총 1명, 1인당 당첨금액 14,215,763,250원."
535,535,"동행복권 535회 당첨번호 11,12,14,15,18,39+34. 1등 총 3명, 1인당 당첨금액 4,935,603,000원."
536,536,"동행복권 536회 당첨번호 7,8,18,32,37,43+12. 1등 총 11명, 1인당 당첨금액 1,308,523,603원."
537,537,"동행복권 537회 당첨번호 12,23,26,30,36,43+11. 1등 총 7명, 1인당 당첨금액 2,104,038,911원."
538,538,"동행복권 538회 당첨번호 6,10,18,31,32,34+11. 1등 총 3명, 1인당 당첨금액 4,688,021,625원."
539,539,"동행복권 539회 당첨번호 3,19,22,31,42,43+26. 1등 총 9명, 1인당 당첨금액 1,621,036,667원."
540,540,"동행복권 540회 당첨번호 3,12,13,15,34,36+14. 1등 총 7명, 1인당 당첨금액 1,989,365,250원."
541,541,"동행복권 541회 당첨번호 8,13,26,28,32,34+43. 1등 총 11명, 1인당 당첨금액 1,269,327,171원."
542,542,"동행복권 542회 당첨번호 5,6,19,26,41,45+34. 1등 총 6명, 1인당 당첨금액 2,335,152,563원."
543,543,"동행복권 543회 당첨번호 13,18,26,31,34,44+12. 1등 총 12명, 1인당 당첨금액 1,112,934,844원."
544,544,"동행복권 544회 당첨번호 5,17,21,25,36,44+10. 1등 총 13명, 1인당 당첨금액 1,046,388,433원."
545,545,"동행복권 545회 당첨번호 4,24,25,27,34,35+2. 1등 총 11명, 1인당 당첨금액 1,198,994,353원."
546,546,"동행복권 546회 당첨번호 8,17,20,27,37,43+6. 1등 총 30명, 1인당 당첨금액 405,939,950원."
547,547,"동행복권 547회 당첨번호 6,7,15,22,34,39+28. 1등 총 5명, 1인당 당첨금액 2,838,444,450원."
548,548,"동행복권 548회 당첨번호 1,12,13,21,32,45+14. 1등 총 8명, 1인당 당첨금액 1,736,871,891원."
549,549,"동행복권 549회 당첨번호 29,31,35,38,40,44+17. 1등 총 8명, 1인당 당첨금액 1,760,805,047원."
550,550,"동행복권 550회 당첨번호 1,7,14,20,34,37+41. 1등 총 11명, 1인당 당첨금액 1,118,679,205원."
551,551,"동행복권 551회 당첨번호 3,6,20,24,27,44+25. 1등 총 1명, 1인당 당첨금액 13,526,973,750원."
552,552,"동행복권 552회 당첨번호 1,10,20,32,35,40+43. 1등 총 10명, 1인당 당첨금액 1,330,824,225원."
553,553,"동행복권 553회 당첨번호 2,7,17,28,29,39+37. 1등 총 6명, 1인당 당첨금액 2,249,631,438원."
554,554,"동행복권 554회 당첨번호 13,14,17,32,41,42+6. 1등 총 2명, 1인당 당첨금액 6,813,893,625원."
555,555,"동행복권 555회 당첨번호 11,17,21,24,26,36+12. 1등 총 8명, 1인당 당첨금액 1,711,027,360원."
556,556,"동행복권 556회 당첨번호 12,20,23,28,30,44+43. 1등 총 7명, 1인당 당첨금액 2,005,209,161원."
557,557,"동행복권 557회 당첨번호 4,20,26,28,35,40+31. 1등 총 7명, 1인당 당첨금액 1,888,069,286원."
558,558,"동행복권 558회 당첨번호 12,15,19,26,40,43+29. 1등 총 10명, 1인당 당첨금액 1,315,913,663원."
559,559,"동행복권 559회 당첨번호 11,12,25,32,44,45+23. 1등 총 7명, 1인당 당첨금액 1,926,145,608원."
560,560,"동행복권 560회 당첨번호 1,4,20,23,29,45+28. 1등 총 7명, 1인당 당첨금액 1,976,697,215원."
561,561,"동행복권 561회 당첨번호 5,7,18,37,42,45+20. 1등 총 5명, 1인당 당첨금액 2,753,712,225원."
562,562,"동행복권 562회 당첨번호 4,11,13,17,20,31+33. 1등 총 11명, 1인당 당첨금액 1,166,694,614원."
563,563,"동행복권 563회 당첨번호 5,10,16,17,31,32+21. 1등 총 7명, 1인당 당첨금액 1,932,735,643원."
564,564,"동행복권 564회 당첨번호 14,19,25,26,27,34+2. 1등 총 7명, 1인당 당첨금액 1,934,801,143원."
565,565,"동행복권 565회 당첨번호 4,10,18,27,40,45+38. 1등 총 8명, 1인당 당첨금액 1,742,064,469원."
566,566,"동행복권 566회 당첨번호 4,5,6,25,26,43+41. 1등 총 4명, 1인당 당첨금액 3,508,951,032원."
567,567,"동행복권 567회 당첨번호 1,10,15,16,32,41+28. 1등 총 6명, 1인당 당첨금액 2,318,659,438원."
568,568,"동행복권 568회 당첨번호 1,3,17,20,31,44+40. 1등 총 10명, 1인당 당첨금액 1,305,167,550원."
569,569,"동행복권 569회 당첨번호 3,6,13,23,24,35+1. 1등 총 4명, 1인당 당첨금액 3,467,925,188원."
570,570,"동행복권 570회 당첨번호 1,12,26,27,29,33+42. 1등 총 9명, 1인당 당첨금액 1,527,791,625원."
571,571,"동행복권 571회 당첨번호 11,18,21,26,38,43+29. 1등 총 7명, 1인당 당첨금액 1,966,538,465원."
572,572,"동행복권 572회 당첨번호 3,13,18,33,37,45+1. 1등 총 8명, 1인당 당첨금액 1,668,216,188원."
573,573,"동행복권 573회 당첨번호 2,4,20,34,35,43+14. 1등 총 8명, 1인당 당첨금액 1,645,691,766원."
574,574,"동행복권 574회 당첨번호 14,15,16,19,25,43+2. 1등 총 2명, 1인당 당첨금액 6,965,184,938원."
575,575,"동행복권 575회 당첨번호 2,8,20,30,33,34+6. 1등 총 8명, 1인당 당첨금액 1,699,267,875원."
576,576,"동행복권 576회 당첨번호 10,11,15,25,35,41+13. 1등 총 3명, 1인당 당첨금액 4,321,966,000원."
577,577,"동행복권 577회 당첨번호 16,17,22,31,34,37+33. 1등 총 3명, 1인당 당첨금액 4,484,438,375원."
578,578,"동행복권 578회 당첨번호 5,12,14,32,34,42+16. 1등 총 5명, 1인당 당첨금액 2,796,466,575원."
579,579,"동행복권 579회 당첨번호 5,7,20,22,37,42+39. 1등 총 11명, 1인당 당첨금액 1,396,068,444원."
580,580,"동행복권 580회 당첨번호 5,7,9,11,32,35+33. 1등 총 7명, 1인당 당첨금액 2,028,610,500원."
581,581,"동행복권 581회 당첨번호 3,5,14,20,42,44+33. 1등 총 8명, 1인당 당첨금액 1,844,554,547원."
582,582,"동행복권 582회 당첨번호 2,12,14,33,40,41+25. 1등 총 4명, 1인당 당첨금액 3,560,558,719원."
583,583,"동행복권 583회 당첨번호 8,17,27,33,40,44+24. 1등 총 11명, 1인당 당첨금액 1,341,848,353원."
584,584,"동행복권 584회 당첨번호 7,18,30,39,40,41+36. 1등 총 3명, 1인당 당첨금액 5,033,183,250원."
585,585,"동행복권 585회 당첨번호 6,7,10,16,38,41+4. 1등 총 9명, 1인당 당첨금액 1,620,546,334원."
586,586,"동행복권 586회 당첨번호 2,7,12,15,21,34+5. 1등 총 8명, 1인당 당첨금액 1,778,354,344원."
587,587,"동행복권 587회 당첨번호 14,21,29,31,32,37+17. 1등 총 3명, 1인당 당첨금액 4,974,577,375원."
588,588,"동행복권 588회 당첨번호 2,8,15,22,25,41+30. 1등 총 5명, 1인당 당첨금액 2,889,342,075원."
589,589,"동행복권 589회 당첨번호 6,8,28,33,38,39+22. 1등 총 7명, 1인당 당첨금액 2,136,877,983원."
590,590,"동행복권 590회 당첨번호 20,30,36,38,41,45+23. 1등 총 7명, 1인당 당첨금액 2,185,183,983원."
591,591,"동행복권 591회 당첨번호 8,13,14,30,38,39+5. 1등 총 5명, 1인당 당첨금액 2,964,676,200원."
592,592,"동행복권 592회 당첨번호 2,5,6,13,28,44+43. 1등 총 6명, 1인당 당첨금액 2,356,381,688원."
593,593,"동행복권 593회 당첨번호 9,10,13,24,33,38+28. 1등 총 9명, 1인당 당첨금액 1,532,833,500원."
594,594,"동행복권 594회 당첨번호 2,8,13,25,28,37+3. 1등 총 11명, 1인당 당첨금액 1,255,592,796원."
595,595,"동행복권 595회 당첨번호 8,24,28,35,38,40+5. 1등 총 8명, 1인당 당첨금액 1,744,525,219원."
596,596,"동행복권 596회 당첨번호 3,4,12,14,25,43+17. 1등 총 10명, 1인당 당첨금액 1,328,267,663원."
597,597,"동행복권 597회 당첨번호 8,10,23,24,35,43+37. 1등 총 13명, 1인당 당첨금액 1,057,920,606원."
598,598,"동행복권 598회 당첨번호 4,12,24,33,38,45+22. 1등 총 16명, 1인당 당첨금액 833,998,594원."
599,599,"동행복권 599회 당첨번호 5,12,17,29,34,35+27. 1등 총 8명, 1인당 당첨금액 1,710,918,329원."
600,600,"동행복권 600회 당첨번호 5,11,14,27,29,36+44. 1등 총 15명, 1인당 당첨금액 901,798,725원."
601,601,"동행복권 601회 당첨번호 2,16,19,31,34,35+37. 1등 총 9명, 1인당 당첨금액 1,524,565,209원."
602,602,"동행복권 602회 당첨번호 13,14,22,27,30,38+2. 1등 총 8명, 1인당 당첨금액 1,689,530,860원."
603,603,"동행복권 603회 당첨번호 2,19,25,26,27,43+28. 1등 총 4명, 1인당 당첨금액 3,452,136,563원."
604,604,"동행복권 604회 당첨번호 2,6,18,21,33,34+30. 1등 총 11명, 1인당 당첨금액 1,229,141,557원."
605,605,"동행복권 605회 당첨번호 1,2,7,9,10,38+42. 1등 총 9명, 1인당 당첨금액 1,394,232,250원."
606,606,"동행복권 606회 당첨번호 1,5,6,14,20,39+22. 1등 총 10명, 1인당 당첨금액 1,311,566,850원."
607,607,"동행복권 607회 당첨번호 8,14,23,36,38,39+13. 1등 총 4명, 1인당 당첨금액 3,494,480,907원."
608,608,"동행복권 608회 당첨번호 4,8,18,19,39,44+41. 1등 총 7명, 1인당 당첨금액 1,943,530,018원."
609,609,"동행복권 609회 당첨번호 4,8,27,34,39,40+13. 1등 총 2명, 1인당 당첨금액 6,339,311,438원."
610,610,"동행복권 610회 당첨번호 14,18,20,23,28,36+33. 1등 총 4명, 1인당 당첨금액 3,516,018,375원."
611,611,"동행복권 611회 당첨번호 2,22,27,33,36,37+14. 1등 총 4명, 1인당 당첨금액 3,502,706,157원."
612,612,"동행복권 612회 당첨번호 6,9,18,19,25,33+40. 1등 총 11명, 1인당 당첨금액 1,181,705,250원."
613,613,"동행복권 613회 당첨번호 7,8,11,16,41,44+35. 1등 총 9명, 1인당 당첨금액 1,549,831,209원."
614,614,"동행복권 614회 당첨번호 8,21,25,39,40,44+18. 1등 총 6명, 1인당 당첨금액 2,540,975,438원."
615,615,"동행복권 615회 당첨번호 10,17,18,19,23,27+35. 1등 총 9명, 1인당 당첨금액 1,535,062,417원."
616,616,"동행복권 616회 당첨번호 5,13,18,23,40,45+3. 1등 총 9명, 1인당 당첨금액 1,611,811,250원."
617,617,"동행복권 617회 당첨번호 4,5,11,12,24,27+28. 1등 총 8명, 1인당 당첨금액 1,629,701,860원."
618,618,"동행복권 618회 당첨번호 8,16,25,30,42,43+15. 1등 총 5명, 1인당 당첨금액 2,881,326,225원."
619,619,"동행복권 619회 당첨번호 6,8,13,30,35,40+21. 1등 총 3명, 1인당 당첨금액 4,612,479,375원."
620,620,"동행복권 620회 당첨번호 2,16,17,32,39,45+40. 1등 총 7명, 1인당 당첨금액 2,028,283,233원."
621,621,"동행복권 621회 당첨번호 1,2,6,16,19,42+9. 1등 총 6명, 1인당 당첨금액 2,359,723,500원."
622,622,"동행복권 622회 당첨번호 9,15,16,21,28,34+24. 1등 총 9명, 1인당 당첨금액 1,630,598,292원."
623,623,"동행복권 623회 당첨번호 7,13,30,39,41,45+25. 1등 총 8명, 1인당 당첨금액 1,813,702,594원."
624,624,"동행복권 624회 당첨번호 1,7,19,26,27,35+16. 1등 총 5명, 1인당 당첨금액 2,763,729,450원."
625,625,"동행복권 625회 당첨번호 3,6,7,20,21,39+13. 1등 총 5명, 1인당 당첨금액 2,765,184,675원."
626,626,"동행복권 626회 당첨번호 13,14,26,33,40,43+15. 1등 총 8명, 1인당 당첨금액 1,717,871,110원."
627,627,"동행복권 627회 당첨번호 2,9,22,25,31,45+12. 1등 총 10명, 1인당 당첨금액 1,352,230,650원."
628,628,"동행복권 628회 당첨번호 1,7,12,15,23,42+11. 1등 총 9명, 1인당 당첨금액 1,499,942,875원."
629,629,"동행복권 629회 당첨번호 19,28,31,38,43,44+1. 1등 총 5명, 1인당 당첨금액 2,919,433,575원."
630,630,"동행복권 630회 당첨번호 8,17,21,24,27,31+15. 1등 총 3명, 1인당 당첨금액 4,836,305,500원."
631,631,"동행복권 631회 당첨번호 1,2,4,23,31,34+8. 1등 총 4명, 1인당 당첨금액 3,919,853,532원."
632,632,"동행복권 632회 당첨번호 15,18,21,32,35,44+6. 1등 총 11명, 1인당 당첨금액 1,432,587,716원."
633,633,"동행복권 633회 당첨번호 9,12,19,20,39,41+13. 1등 총 12명, 1인당 당첨금액 1,217,257,094원."
634,634,"동행복권 634회 당첨번호 4,10,11,12,20,27+38. 1등 총 13명, 1인당 당첨금액 1,077,935,106원."
635,635,"동행복권 635회 당첨번호 11,13,25,26,29,33+32. 1등 총 8명, 1인당 당첨금액 1,855,587,235원."
636,636,"동행복권 636회 당첨번호 6,7,15,16,20,31+26. 1등 총 8명, 1인당 당첨금액 1,832,362,219원."
637,637,"동행복권 637회 당첨번호 3,16,22,37,38,44+23. 1등 총 4명, 1인당 당첨금액 3,899,241,094원."
638,638,"동행복권 638회 당첨번호 7,18,22,24,31,34+6. 1등 총 7명, 1인당 당첨금액 2,229,403,179원."
639,639,"동행복권 639회 당첨번호 6,15,22,23,25,32+40. 1등 총 4명, 1인당 당첨금액 4,061,185,219원."
640,640,"동행복권 640회 당첨번호 14,15,18,21,26,35+23. 1등 총 9명, 1인당 당첨금액 1,728,768,834원."
641,641,"동행복권 641회 당첨번호 11,18,21,36,37,43+12. 1등 총 8명, 1인당 당첨금액 1,990,074,563원."
642,642,"동행복권 642회 당첨번호 8,17,18,24,39,45+32. 1등 총 12명, 1인당 당첨금액 1,251,460,438원."
643,643,"동행복권 643회 당첨번호 15,24,31,32,33,40+13. 1등 총 6명, 1인당 당첨금액 2,535,763,625원."
644,644,"동행복권 644회 당첨번호 5,13,17,23,28,36+8. 1등 총 8명, 1인당 당첨금액 1,831,451,204원."
645,645,"동행복권 645회 당첨번호 1,4,16,26,40,41+31. 1등 총 4명, 1인당 당첨금액 3,696,297,750원."
646,646,"동행복권 646회 당첨번호 2,9,24,41,43,45+30. 1등 총 7명, 1인당 당첨금액 2,215,498,393원."
647,647,"동행복권 647회 당첨번호 5,16,21,23,24,30+29. 1등 총 7명, 1인당 당첨금액 2,189,725,608원."
648,648,"동행복권 648회 당첨번호 13,19,28,37,38,43+4. 1등 총 7명, 1인당 당첨금액 2,120,987,947원."
649,649,"동행복권 649회 당첨번호 3,21,22,33,41,42+20. 1등 총 5명, 1인당 당첨금액 2,948,042,100원."
650,650,"동행복권 650회 당첨번호 3,4,7,11,31,41+35. 1등 총 5명, 1인당 당첨금액 2,849,298,900원."
651,651,"동행복권 651회 당첨번호 11,12,16,26,29,44+18. 1등 총 8명, 1인당 당첨금액 1,855,306,454원."
652,652,"동행복권 652회 당첨번호 3,13,15,40,41,44+20. 1등 총 5명, 1인당 당첨금액 3,003,483,525원."
653,653,"동행복권 653회 당첨번호 5,6,26,27,38,39+1. 1등 총 14명, 1인당 당첨금액 980,958,670원."
654,654,"동행복권 654회 당첨번호 16,21,26,31,36,43+6. 1등 총 8명, 1인당 당첨금액 1,879,301,391원."
655,655,"동행복권 655회 당첨번호 7,37,38,39,40,44+18. 1등 총 9명, 1인당 당첨금액 1,661,439,625원."
656,656,"동행복권 656회 당첨번호 3,7,14,16,31,40+39. 1등 총 2명, 1인당 당첨금액 7,330,002,750원."
657,657,"동행복권 657회 당첨번호 10,14,19,39,40,43+23. 1등 총 9명, 1인당 당첨금액 1,694,762,792원."
658,658,"동행복권 658회 당첨번호 8,19,25,28,32,36+37. 1등 총 9명, 1인당 당첨금액 1,634,031,375원."
659,659,"동행복권 659회 당첨번호 7,18,19,27,29,42+45. 1등 총 11명, 1인당 당첨금액 1,336,604,216원."
660,660,"동행복권 660회 당첨번호 4,9,23,33,39,44+14. 1등 총 10명, 1인당 당첨금액 1,421,272,575원."
661,661,"동행복권 661회 당첨번호 2,3,12,20,27,38+40. 1등 총 8명, 1인당 당첨금액 1,713,025,547원."
662,662,"동행복권 662회 당첨번호 5,6,9,11,15,37+26. 1등 총 8명, 1인당 당첨금액 1,689,733,688원."
663,663,"동행복권 663회 당첨번호 3,5,8,19,38,42+20. 1등 총 7명, 1인당 당첨금액 2,080,244,143원."
664,664,"동행복권 664회 당첨번호 10,20,33,36,41,44+5. 1등 총 10명, 1인당 당첨금액 1,536,801,338원."
665,665,"동행복권 665회 당첨번호 5,6,11,17,38,44+13. 1등 총 4명, 1인당 당첨금액 3,643,230,375원."
666,666,"동행복권 666회 당첨번호 2,4,6,11,17,28+16. 1등 총 6명, 1인당 당첨금액 2,396,901,063원."
667,667,"동행복권 667회 당첨번호 15,17,25,37,42,43+13. 1등 총 7명, 1인당 당첨금액 2,228,764,393원."
668,668,"동행복권 668회 당첨번호 12,14,15,24,27,32+3. 1등 총 5명, 1인당 당첨금액 2,991,158,625원."
669,669,"동행복권 669회 당첨번호 7,8,20,29,33,38+9. 1등 총 6명, 1인당 당첨금액 2,708,173,188원."
670,670,"동행복권 670회 당첨번호 11,18,26,27,40,41+25. 1등 총 12명, 1인당 당첨금액 1,191,725,219원."
671,671,"동행복권 671회 당첨번호 7,9,10,13,31,35+24. 1등 총 4명, 1인당 당첨금액 3,722,322,844원."
672,672,"동행복권 672회 당첨번호 8,21,28,31,36,45+43. 1등 총 9명, 1인당 당첨금액 1,754,745,000원."
673,673,"동행복권 673회 당첨번호 7,10,17,29,33,44+5. 1등 총 10명, 1인당 당첨금액 1,491,453,300원."
674,674,"동행복권 674회 당첨번호 9,10,14,25,27,31+11. 1등 총 8명, 1인당 당첨금액 1,770,565,500원."
675,675,"동행복권 675회 당첨번호 1,8,11,15,18,45+7. 1등 총 4명, 1인당 당첨금액 3,514,549,032원."
676,676,"동행복권 676회 당첨번호 1,8,17,34,39,45+27. 1등 총 8명, 1인당 당첨금액 1,879,726,500원."
677,677,"동행복권 677회 당첨번호 12,15,24,36,41,44+42. 1등 총 8명, 1인당 당첨금액 1,921,114,407원."
678,678,"동행복권 678회 당첨번호 4,5,6,12,25,37+45. 1등 총 6명, 1인당 당첨금액 2,288,490,188원."
679,679,"동행복권 679회 당첨번호 3,5,7,14,26,34+35. 1등 총 5명, 1인당 당첨금액 2,863,005,600원."
680,680,"동행복권 680회 당첨번호 4,10,19,29,32,42+30. 1등 총 14명, 1인당 당첨금액 1,110,570,563원."
681,681,"동행복권 681회 당첨번호 21,24,27,29,43,44+7. 1등 총 6명, 1인당 당첨금액 2,696,328,938원."
682,682,"동행복권 682회 당첨번호 17,23,27,35,38,43+2. 1등 총 4명, 1인당 당첨금액 4,063,713,563원."
683,683,"동행복권 683회 당첨번호 6,13,20,27,28,40+15. 1등 총 16명, 1인당 당첨금액 1,010,930,883원."
684,684,"동행복권 684회 당첨번호 1,11,15,17,25,39+40. 1등 총 9명, 1인당 당첨금액 1,688,815,709원."
685,685,"동행복권 685회 당첨번호 6,7,12,28,38,40+18. 1등 총 11명, 1인당 당첨금액 1,494,367,671원."
686,686,"동행복권 686회 당첨번호 7,12,15,24,25,43+13. 1등 총 8명, 1인당 당첨금액 1,937,531,719원."
687,687,"동행복권 687회 당첨번호 1,8,10,13,28,42+45. 1등 총 6명, 1인당 당첨금액 2,720,029,313원."
688,688,"동행복권 688회 당첨번호 5,15,22,23,34,35+2. 1등 총 9명, 1인당 당첨금액 1,967,536,750원."
689,689,"동행복권 689회 당첨번호 7,17,19,30,36,38+34. 1등 총 7명, 1인당 당첨금액 2,321,775,911원."
690,690,"동행복권 690회 당첨번호 24,25,33,34,38,39+43. 1등 총 15명, 1인당 당첨금액 1,126,507,625원."
691,691,"동행복권 691회 당첨번호 15,27,33,35,43,45+16. 1등 총 6명, 1인당 당첨금액 2,839,296,750원."
692,692,"동행복권 692회 당첨번호 3,11,14,15,32,36+44. 1등 총 7명, 1인당 당첨금액 2,301,273,697원."
693,693,"동행복권 693회 당첨번호 1,6,11,28,34,42+30. 1등 총 10명, 1인당 당첨금액 1,642,763,813원."
694,694,"동행복권 694회 당첨번호 7,15,20,25,33,43+12. 1등 총 10명, 1인당 당첨금액 1,555,036,388원."
695,695,"동행복권 695회 당첨번호 4,18,26,33,34,38+14. 1등 총 11명, 1인당 당첨금액 1,450,214,830원."
696,696,"동행복권 696회 당첨번호 1,7,16,18,34,38+21. 1등 총 10명, 1인당 당첨금액 1,632,054,413원."
697,697,"동행복권 697회 당첨번호 2,5,8,11,33,39+31. 1등 총 10명, 1인당 당첨금액 1,531,443,038원."
698,698,"동행복권 698회 당첨번호 3,11,13,21,33,37+18. 1등 총 8명, 1인당 당첨금액 1,921,084,125원."
699,699,"동행복권 699회 당첨번호 4,5,8,16,21,29+3. 1등 총 8명, 1인당 당첨금액 1,995,411,375원."
700,700,"동행복권 700회 당첨번호 11,23,28,29,30,44+13. 1등 총 8명, 1인당 당첨금액 2,082,099,188원."
701,701,"동행복권 701회 당첨번호 3,10,14,16,36,38+35. 1등 총 10명, 1인당 당첨금액 1,583,183,175원."
702,702,"동행복권 702회 당첨번호 3,13,16,24,26,29+9. 1등 총 11명, 1인당 당첨금액 1,465,091,387원."
703,703,"동행복권 703회 당첨번호 10,28,31,33,41,44+21. 1등 총 5명, 1인당 당첨금액 3,235,784,100원."
704,704,"동행복권 704회 당첨번호 1,4,8,23,33,42+45. 1등 총 4명, 1인당 당첨금액 3,865,190,344원."
705,705,"동행복권 705회 당첨번호 1,6,17,22,28,45+23. 1등 총 4명, 1인당 당첨금액 3,987,206,532원."
706,706,"동행복권 706회 당첨번호 3,4,6,10,28,30+37. 1등 총 4명, 1인당 당첨금액 3,831,746,063원."
707,707,"동행복권 707회 당첨번호 2,12,19,24,39,44+35. 1등 총 12명, 1인당 당첨금액 1,322,167,313원."
708,708,"동행복권 708회 당첨번호 2,10,16,19,34,45+1. 1등 총 4명, 1인당 당첨금액 4,099,552,219원."
709,709,"동행복권 709회 당첨번호 10,18,30,36,39,44+32. 1등 총 14명, 1인당 당첨금액 1,165,271,625원."
710,710,"동행복권 710회 당첨번호 3,4,9,24,25,33+10. 1등 총 5명, 1인당 당첨금액 2,895,441,150원."
711,711,"동행복권 711회 당첨번호 11,15,24,35,37,45+42. 1등 총 7명, 1인당 당첨금액 2,277,413,358원."
712,712,"동행복권 712회 당첨번호 17,20,30,31,33,45+19. 1등 총 4명, 1인당 당첨금액 4,034,485,125원."
713,713,"동행복권 713회 당첨번호 2,5,15,18,19,23+44. 1등 총 9명, 1인당 당첨금액 1,714,720,917원."
714,714,"동행복권 714회 당첨번호 1,7,22,33,37,40+20. 1등 총 7명, 1인당 당첨금액 2,085,131,733원."
715,715,"동행복권 715회 당첨번호 2,7,27,33,41,44+10. 1등 총 6명, 1인당 당첨금액 2,605,510,438원."
716,716,"동행복권 716회 당첨번호 2,6,13,16,29,30+21. 1등 총 12명, 1인당 당첨금액 1,358,752,157원."
717,717,"동행복권 717회 당첨번호 2,11,19,25,28,32+44. 1등 총 6명, 1인당 당첨금액 2,702,433,688원."
718,718,"동행복권 718회 당첨번호 4,11,20,23,32,39+40. 1등 총 17명, 1인당 당첨금액 926,166,464원."
719,719,"동행복권 719회 당첨번호 4,8,13,19,20,43+26. 1등 총 9명, 1인당 당첨금액 1,879,581,334원."
720,720,"동행복권 720회 당첨번호 1,12,29,34,36,37+41. 1등 총 14명, 1인당 당첨금액 1,233,770,358원."
721,721,"동행복권 721회 당첨번호 1,28,35,41,43,44+31. 1등 총 8명, 1인당 당첨금액 2,273,767,360원."
722,722,"동행복권 722회 당첨번호 12,14,21,30,39,43+45. 1등 총 4명, 1인당 당첨금액 4,365,422,719원."
723,723,"동행복권 723회 당첨번호 20,30,33,35,36,44+22. 1등 총 8명, 1인당 당첨금액 2,114,365,360원."
724,724,"동행복권 724회 당첨번호 2,8,33,35,37,41+14. 1등 총 12명, 1인당 당첨금액 1,427,789,813원."
725,725,"동행복권 725회 당첨번호 6,7,19,21,41,43+38. 1등 총 11명, 1인당 당첨금액 1,579,217,250원."
726,726,"동행복권 726회 당첨번호 1,11,21,23,34,44+24. 1등 총 14명, 1인당 당첨금액 1,166,872,634원."
727,727,"동행복권 727회 당첨번호 7,8,10,19,21,31+20. 1등 총 14명, 1인당 당첨금액 1,115,107,742원."
728,728,"동행복권 728회 당첨번호 3,6,10,30,34,37+36. 1등 총 5명, 1인당 당첨금액 3,243,464,400원."
729,729,"동행복권 729회 당첨번호 11,17,21,26,36,45+16. 1등 총 4명, 1인당 당첨금액 4,198,250,719원."
730,730,"동행복권 730회 당첨번호 4,10,14,15,18,22+39. 1등 총 8명, 1인당 당첨금액 2,017,382,110원."
731,731,"동행복권 731회 당첨번호 2,7,13,25,42,45+39. 1등 총 7명, 1인당 당첨금액 2,340,471,054원."
732,732,"동행복권 732회 당첨번호 2,4,5,17,27,32+43. 1등 총 7명, 1인당 당첨금액 2,203,270,608원."
733,733,"동행복권 733회 당첨번호 11,24,32,33,35,40+13. 1등 총 4명, 1인당 당첨금액 4,016,725,125원."
734,734,"동행복권 734회 당첨번호 6,16,37,38,41,45+18. 1등 총 9명, 1인당 당첨금액 1,949,395,500원."
735,735,"동행복권 735회 당첨번호 5,10,13,27,37,41+4. 1등 총 10명, 1인당 당첨금액 1,847,231,588원."
736,736,"동행복권 736회 당첨번호 2,11,17,18,21,27+6. 1등 총 5명, 1인당 당첨금액 3,397,362,225원."
737,737,"동행복권 737회 당첨번호 13,15,18,24,27,41+11. 1등 총 4명, 1인당 당첨금액 4,283,061,000원."
738,738,"동행복권 738회 당첨번호 23,27,28,38,42,43+36. 1등 총 11명, 1인당 당첨금액 1,634,191,091원."
739,739,"동행복권 739회 당첨번호 7,22,29,33,34,35+30. 1등 총 4명, 1인당 당첨금액 4,744,122,282원."
740,740,"동행복권 740회 당첨번호 4,8,9,16,17,19+31. 1등 총 18명, 1인당 당첨금액 936,929,792원."
741,741,"동행복권 741회 당첨번호 5,21,27,34,44,45+16. 1등 총 6명, 1인당 당첨금액 3,043,595,938원."
742,742,"동행복권 742회 당첨번호 8,10,13,36,37,40+6. 1등 총 16명, 1인당 당첨금액 1,111,814,813원."
743,743,"동행복권 743회 당첨번호 15,19,21,34,41,44+10. 1등 총 7명, 1인당 당첨금액 2,608,641,000원."
744,744,"동행복권 744회 당첨번호 10,15,18,21,34,41+43. 1등 총 15명, 1인당 당첨금액 1,155,411,575원."
745,745,"동행복권 745회 당첨번호 1,2,3,9,12,23+10. 1등 총 20명, 1인당 당첨금액 746,822,982원."
746,746,"동행복권 746회 당첨번호 3,12,33,36,42,45+25. 1등 총 9명, 1인당 당첨금액 2,038,623,709원."
747,747,"동행복권 747회 당첨번호 7,9,12,14,23,28+17. 1등 총 9명, 1인당 당첨금액 1,903,214,584원."
748,748,"동행복권 748회 당첨번호 3,10,13,22,31,32+29. 1등 총 9명, 1인당 당첨금액 1,928,246,542원."
749,749,"동행복권 749회 당첨번호 12,14,24,26,34,45+41. 1등 총 13명, 1인당 당첨금액 1,350,104,395원."
750,750,"동행복권 750회 당첨번호 1,2,15,19,24,36+12. 1등 총 7명, 1인당 당첨금액 2,522,104,286원."
751,751,"동행복권 751회 당첨번호 3,4,16,20,28,44+17. 1등 총 8명, 1인당 당첨금액 2,097,968,110원."
752,752,"동행복권 752회 당첨번호 4,16,20,33,40,43+7. 1등 총 9명, 1인당 당첨금액 1,870,358,834원."
753,753,"동행복권 753회 당첨번호 2,17,19,24,37,41+3. 1등 총 6명, 1인당 당첨금액 2,711,105,063원."
754,754,"동행복권 754회 당첨번호 2,8,17,24,29,31+32. 1등 총 5명, 1인당 당첨금액 3,427,542,000원."
755,755,"동행복권 755회 당첨번호 13,14,26,28,30,36+37. 1등 총 8명, 1인당 당첨금액 2,214,427,266원."
756,756,"동행복권 756회 당첨번호 10,14,16,18,27,28+4. 1등 총 5명, 1인당 당첨금액 3,414,434,700원."
757,757,"동행복권 757회 당첨번호 6,7,11,17,33,44+1. 1등 총 21명, 1인당 당첨금액 739,839,858원."
758,758,"동행복권 758회 당첨번호 5,9,12,30,39,43+24. 1등 총 8명, 1인당 당첨금액 2,078,969,954원."
759,759,"동행복권 759회 당첨번호 9,33,36,40,42,43+32. 1등 총 6명, 1인당 당첨금액 3,032,670,500원."
760,760,"동행복권 760회 당첨번호 10,22,27,31,42,43+12. 1등 총 8명, 1인당 당첨금액 2,253,299,391원."
761,761,"동행복권 761회 당첨번호 4,7,11,24,42,45+30. 1등 총 7명, 1인당 당첨금액 2,392,730,518원."
762,762,"동행복권 762회 당첨번호 1,3,12,21,26,41+16. 1등 총 10명, 1인당 당첨금액 1,631,432,063원."
763,763,"동행복권 763회 당첨번호 3,8,16,32,34,43+10. 1등 총 8명, 1인당 당첨금액 2,138,130,000원."
764,764,"동행복권 764회 당첨번호 7,22,24,31,34,36+15. 1등 총 7명, 1인당 당첨금액 2,459,975,465원."
765,765,"동행복권 765회 당첨번호 1,3,8,12,42,43+33. 1등 총 15명, 1인당 당첨금액 1,109,214,250원."
766,766,"동행복권 766회 당첨번호 9,30,34,35,39,41+21. 1등 총 8명, 1인당 당첨금액 2,173,637,297원."
767,767,"동행복권 767회 당첨번호 5,15,20,31,34,42+22. 1등 총 15명, 1인당 당첨금액 1,163,768,725원."
768,768,"동행복권 768회 당첨번호 7,27,29,30,38,44+4. 1등 총 13명, 1인당 당첨금액 1,363,572,260원."
769,769,"동행복권 769회 당첨번호 5,7,11,16,41,45+4. 1등 총 9명, 1인당 당첨금액 1,930,760,042원."
770,770,"동행복권 770회 당첨번호 1,9,12,23,39,43+34. 1등 총 8명, 1인당 당첨금액 2,163,099,329원."
771,771,"동행복권 771회 당첨번호 6,10,17,18,21,29+30. 1등 총 4명, 1인당 당첨금액 4,362,644,907원."
772,772,"동행복권 772회 당첨번호 5,6,11,14,21,41+32. 1등 총 10명, 1인당 당첨금액 1,769,608,838원."
773,773,"동행복권 773회 당첨번호 8,12,19,21,31,35+44. 1등 총 11명, 1인당 당첨금액 1,609,403,080원."
774,774,"동행복권 774회 당첨번호 12,15,18,28,34,42+9. 1등 총 11명, 1인당 당첨금액 1,709,721,512원."
775,775,"동행복권 775회 당첨번호 11,12,29,33,38,42+17. 1등 총 5명, 1인당 당첨금액 3,470,437,650원."
776,776,"동행복권 776회 당첨번호 8,9,18,21,28,40+20. 1등 총 7명, 1인당 당첨금액 2,557,579,393원."
777,777,"동행복권 777회 당첨번호 6,12,17,21,34,37+18. 1등 총 21명, 1인당 당첨금액 833,468,036원."
778,778,"동행복권 778회 당첨번호 6,21,35,36,37,41+11. 1등 총 3명, 1인당 당첨금액 6,264,069,500원."
779,779,"동행복권 779회 당첨번호 6,12,19,24,34,41+4. 1등 총 11명, 1인당 당첨금액 1,527,709,296원."
780,780,"동행복권 780회 당첨번호 15,17,19,21,27,45+16. 1등 총 11명, 1인당 당첨금액 1,667,520,137원."
781,781,"동행복권 781회 당첨번호 11,16,18,19,24,39+43. 1등 총 9명, 1인당 당첨금액 1,882,891,542원."
782,782,"동행복권 782회 당첨번호 6,18,31,34,38,45+20. 1등 총 9명, 1인당 당첨금액 1,946,487,625원."
783,783,"동행복권 783회 당첨번호 14,15,16,17,38,45+36. 1등 총 4명, 1인당 당첨금액 4,603,964,625원."
784,784,"동행복권 784회 당첨번호 3,10,23,24,31,39+22. 1등 총 9명, 1인당 당첨금액 1,908,678,000원."
785,785,"동행복권 785회 당첨번호 4,6,15,25,26,33+40. 1등 총 6명, 1인당 당첨금액 2,886,622,688원."
786,786,"동행복권 786회 당첨번호 12,15,16,20,24,30+38. 1등 총 4명, 1인당 당첨금액 4,551,365,250원."
787,787,"동행복권 787회 당첨번호 5,6,13,16,27,28+9. 1등 총 6명, 1인당 당첨금액 3,092,108,313원."
788,788,"동행복권 788회 당첨번호 2,10,11,19,35,39+29. 1등 총 13명, 1인당 당첨금액 1,401,475,154원."
789,789,"동행복권 789회 당첨번호 2,6,7,12,19,45+38. 1등 총 15명, 1인당 당첨금액 1,140,976,825원."
790,790,"동행복권 790회 당첨번호 3,8,19,27,30,41+12. 1등 총 16명, 1인당 당첨금액 1,160,516,274원."
791,791,"동행복권 791회 당첨번호 2,10,12,31,33,42+32. 1등 총 14명, 1인당 당첨금액 1,253,081,893원."
792,792,"동행복권 792회 당첨번호 2,7,19,25,29,36+16. 1등 총 7명, 1인당 당첨금액 2,655,736,768원."
793,793,"동행복권 793회 당첨번호 10,15,21,35,38,43+31. 1등 총 5명, 1인당 당첨금액 3,750,146,775원."
794,794,"동행복권 794회 당첨번호 6,7,18,19,30,38+13. 1등 총 7명, 1인당 당첨금액 2,650,940,304원."
795,795,"동행복권 795회 당첨번호 3,10,13,26,34,38+36. 1등 총 11명, 1인당 당첨금액 1,714,977,000원."
796,796,"동행복권 796회 당첨번호 1,21,26,36,40,41+5. 1등 총 7명, 1인당 당첨금액 2,763,490,340원."
797,797,"동행복권 797회 당첨번호 5,22,31,32,39,45+36. 1등 총 8명, 1인당 당첨금액 2,397,028,125원."
798,798,"동행복권 798회 당첨번호 2,10,14,22,32,36+41. 1등 총 7명, 1인당 당첨금액 2,710,791,911원."
799,799,"동행복권 799회 당첨번호 12,17,23,34,42,45+33. 1등 총 10명, 1인당 당첨금액 1,826,427,225원."
800,800,"동행복권 800회 당첨번호 1,4,10,12,28,45+26. 1등 총 11명, 1인당 당첨금액 1,632,246,205원."
801,801,"동행복권 801회 당첨번호 17,25,28,37,43,44+2. 1등 총 8명, 1인당 당첨금액 2,256,786,657원."
802,802,"동행복권 802회 당첨번호 10,11,12,18,24,42+27. 1등 총 16명, 1인당 당첨금액 1,082,947,993원."
803,803,"동행복권 803회 당첨번호 5,9,14,26,30,43+2. 1등 총 5명, 1인당 당첨금액 3,663,810,225원."
804,804,"동행복권 804회 당첨번호 1,10,13,26,32,36+9. 1등 총 11명, 1인당 당첨금액 1,631,996,523원."
805,805,"동행복권 805회 당첨번호 3,12,13,18,31,32+42. 1등 총 4명, 1인당 당첨금액 4,266,061,969원."
806,806,"동행복권 806회 당첨번호 14,20,23,31,37,38+27. 1등 총 7명, 1인당 당첨금액 2,640,760,875원."
807,807,"동행복권 807회 당첨번호 6,10,18,25,34,35+33. 1등 총 7명, 1인당 당첨금액 2,437,662,322원."
808,808,"동행복권 808회 당첨번호 15,21,31,32,41,43+24. 1등 총 6명, 1인당 당첨금액 3,087,620,500원."
809,809,"동행복권 809회 당첨번호 6,11,15,17,23,40+39. 1등 총 6명, 1인당 당첨금액 2,921,372,750원."
810,810,"동행복권 810회 당첨번호 5,10,13,21,39,43+11. 1등 총 8명, 1인당 당첨금액 2,231,598,047원."
811,811,"동행복권 811회 당첨번호 8,11,19,21,36,45+25. 1등 총 7명, 1인당 당첨금액 2,524,148,197원."
812,812,"동행복권 812회 당첨번호 1,3,12,14,16,43+10. 1등 총 6명, 1인당 당첨금액 2,947,954,750원."
813,813,"동행복권 813회 당첨번호 11,30,34,35,42,44+27. 1등 총 4명, 1인당 당첨금액 4,591,763,157원."
814,814,"동행복권 814회 당첨번호 2,21,28,38,42,45+30. 1등 총 6명, 1인당 당첨금액 3,067,192,063원."
815,815,"동행복권 815회 당첨번호 17,21,25,26,27,36+4. 1등 총 7명, 1인당 당첨금액 2,579,855,358원."
816,816,"동행복권 816회 당첨번호 12,18,19,29,31,39+7. 1등 총 8명, 1인당 당첨금액 2,128,107,938원."
817,817,"동행복권 817회 당첨번호 3,9,12,13,25,43+34. 1등 총 9명, 1인당 당첨금액 1,868,477,334원."
818,818,"동행복권 818회 당첨번호 14,15,25,28,29,30+3. 1등 총 13명, 1인당 당첨금액 1,380,804,318원."
819,819,"동행복권 819회 당첨번호 16,25,33,38,40,45+15. 1등 총 7명, 1인당 당첨금액 2,594,534,840원."
820,820,"동행복권 820회 당첨번호 10,21,22,30,35,42+6. 1등 총 4명, 1인당 당첨금액 4,627,313,532원."
821,821,"동행복권 821회 당첨번호 1,12,13,24,29,44+16. 1등 총 14명, 1인당 당첨금액 1,316,155,956원."
822,822,"동행복권 822회 당첨번호 9,18,20,24,27,36+12. 1등 총 3명, 1인당 당첨금액 5,930,898,625원."
823,823,"동행복권 823회 당첨번호 12,18,24,26,39,40+15. 1등 총 9명, 1인당 당첨금액 2,009,843,917원."
824,824,"동행복권 824회 당첨번호 7,9,24,29,34,38+26. 1등 총 15명, 1인당 당첨금액 1,256,646,550원."
825,825,"동행복권 825회 당첨번호 8,15,21,31,33,38+42. 1등 총 12명, 1인당 당첨금액 1,658,710,563원."
826,826,"동행복권 826회 당첨번호 13,16,24,25,33,36+42. 1등 총 9명, 1인당 당첨금액 2,075,192,084원."
827,827,"동행복권 827회 당첨번호 5,11,12,29,33,44+14. 1등 총 15명, 1인당 당첨금액 1,206,500,375원."
828,828,"동행복권 828회 당첨번호 4,7,13,29,31,39+18. 1등 총 13명, 1인당 당첨금액 1,455,185,972원."
829,829,"동행복권 829회 당첨번호 4,5,31,35,43,45+29. 1등 총 8명, 1인당 당첨금액 2,444,650,641원."
830,830,"동행복권 830회 당첨번호 5,6,16,18,37,38+17. 1등 총 9명, 1인당 당첨금액 2,060,528,750원."
831,831,"동행복권 831회 당첨번호 3,10,16,19,31,39+9. 1등 총 16명, 1인당 당첨금액 1,110,702,258원."
832,832,"동행복권 832회 당첨번호 13,14,19,26,40,43+30. 1등 총 9명, 1인당 당첨금액 2,088,204,584원."
833,833,"동행복권 833회 당첨번호 12,18,30,39,41,42+19. 1등 총 8명, 1인당 당첨금액 2,356,317,282원."
834,834,"동행복권 834회 당첨번호 6,8,18,35,42,43+3. 1등 총 11명, 1인당 당첨금액 1,690,693,671원."
835,835,"동행복권 835회 당첨번호 9,10,13,28,38,45+35. 1등 총 15명, 1인당 당첨금액 1,233,681,125원."
836,836,"동행복권 836회 당첨번호 1,9,11,14,26,28+19. 1등 총 14명, 1인당 당첨금액 1,257,843,670원."
837,837,"동행복권 837회 당첨번호 2,25,28,30,33,45+6. 1등 총 6명, 1인당 당첨금액 3,144,449,125원."
838,838,"동행복권 838회 당첨번호 9,14,17,33,36,38+20. 1등 총 5명, 1인당 당첨금액 3,813,733,050원."
839,839,"동행복권 839회 당첨번호 3,9,11,12,13,19+35. 1등 총 13명, 1인당 당첨금액 1,359,454,904원."
840,840,"동행복권 840회 당첨번호 2,4,11,28,29,43+27. 1등 총 10명, 1인당 당첨금액 2,042,961,788원."
841,841,"동행복권 841회 당첨번호 5,11,14,30,33,38+24. 1등 총 17명, 1인당 당첨금액 1,116,095,714원."
842,842,"동행복권 842회 당첨번호 14,26,32,36,39,42+38. 1등 총 10명, 1인당 당첨금액 2,035,475,025원."
843,843,"동행복권 843회 당첨번호 19,21,30,33,34,42+4. 1등 총 5명, 1인당 당첨금액 4,012,970,100원."
844,844,"동행복권 844회 당첨번호 7,8,13,15,33,45+18. 1등 총 18명, 1인당 당첨금액 1,162,963,542원."
845,845,"동행복권 845회 당첨번호 1,16,29,33,40,45+6. 1등 총 11명, 1인당 당첨금액 1,891,217,182원."
846,846,"동행복권 846회 당첨번호 5,18,30,41,43,45+13. 1등 총 13명, 1인당 당첨금액 1,596,884,395원."
847,847,"동행복권 847회 당첨번호 12,16,26,28,30,42+22. 1등 총 8명, 1인당 당첨금액 2,520,846,657원."
848,848,"동행복권 848회 당첨번호 1,2,16,22,38,39+34. 1등 총 7명, 1인당 당첨금액 3,011,580,858원."
849,849,"동행복권 849회 당첨번호 5,13,17,29,34,39+3. 1등 총 17명, 1인당 당첨금액 1,158,252,883원."
850,850,"동행복권 850회 당첨번호 16,20,24,28,36,39+5. 1등 총 6명, 1인당 당첨금액 3,377,587,875원."
851,851,"동행복권 851회 당첨번호 14,18,22,26,31,44+40. 1등 총 8명, 1인당 당첨금액 2,483,692,313원."
852,852,"동행복권 852회 당첨번호 11,17,28,30,33,35+9. 1등 총 4명, 1인당 당첨금액 4,801,543,407원."
853,853,"동행복권 853회 당첨번호 2,8,23,26,27,44+13. 1등 총 7명, 1인당 당첨금액 2,885,006,786원."
854,854,"동행복권 854회 당첨번호 20,25,31,32,36,43+3. 1등 총 6명, 1인당 당첨금액 3,421,706,750원."
855,855,"동행복권 855회 당첨번호 8,15,17,19,43,44+7. 1등 총 9명, 1인당 당첨금액 2,269,510,500원."
856,856,"동행복권 856회 당첨번호 10,24,40,41,43,44+17. 1등 총 5명, 1인당 당첨금액 3,977,927,550원."
857,857,"동행복권 857회 당첨번호 6,10,16,28,34,38+43. 1등 총 15명, 1인당 당첨금액 1,284,915,425원."
858,858,"동행복권 858회 당첨번호 9,13,32,38,39,43+23. 1등 총 9명, 1인당 당첨금액 2,202,347,459원."
